rank	symbol	code	count
0	U+0020	U+0020	1159207
1	e	U+0065	584092
2	t	U+0074	458877
3	a	U+0061	354271
4	o	U+006F	330778
5	i	U+0069	328286
6	n	U+006E	304228
7	s	U+0073	277616
8	r	U+0072	258544
9	h	U+0068	238306
10	l	U+006C	184219
11	c	U+0063	159168
12	d	U+0064	128365
13	u	U+0075	122492
14	f	U+0066	111895
15	m	U+006D	109553
16	w	U+0077	90881
17	p	U+0070	86794
18	g	U+0067	83288
19	.	U+002E	82508
20	y	U+0079	73087
21	,	U+002C	68097
22	b	U+0062	56042
23	v	U+0076	49422
24	1	U+0031	34922
25	-	U+002D	29321
26	2	U+0032	28044
27	I	U+0049	23851
28	k	U+006B	20558
29	x	U+0078	19093
30	T	U+0054	18602
31	)	U+0029	18417
32	(	U+0028	18391
33	3	U+0033	14398
34	0	U+0030	14337
35	q	U+0071	13226
36	4	U+0034	10743
37	=	U+003D	9238
38	E	U+0045	9069
39	A	U+0041	8886
40	F	U+0046	8788
41	5	U+0035	8108
42	W	U+0057	8043
43	S	U+0053	7924
44	z	U+007A	7641
45	6	U+0036	6957
46	−	U+2212	6720
47	8	U+0038	6331
48	+	U+002B	5889
49	'	U+0027	5870
50	9	U+0039	5792
51	B	U+0042	5767
52	7	U+0037	5692
53	j	U+006A	5625
54	C	U+0043	5602
55	N	U+004E	5146
56	—	U+2014	4933
57	/	U+002F	4320
58	P	U+0050	4072
59	L	U+004C	3898
60	R	U+0052	3856
61	“	U+201C	3621
62	”	U+201D	3560
63	|	U+007C	3522
64	;	U+003B	3453
65	O	U+004F	3432
66	H	U+0048	3298
67	M	U+004D	3106
68	:	U+003A	3102
69	V	U+0056	2304
70	ω	U+03C9	2201
71	?	U+003F	2058
72	∂	U+2202	2054
73	D	U+0044	1974
74	∆	U+2206	1830
75	U	U+0055	1795
76	G	U+0047	1793
77	J	U+004A	1430
78	∼	U+223C	1359
79	·	U+00B7	1340
80	Y	U+0059	1308
81	φ	U+03C6	1281
82	θ	U+03B8	1260
83	!	U+0021	1230
84	μ	U+03BC	1079
85	∇	U+2207	1071
86	ψ	U+03C8	1063
87	π	U+03C0	1000
88	ˆ	U+02C6	789
89	K	U+004B	777
90	ρ	U+03C1	740
91	"	U+0022	736
92	Q	U+0051	733
93	×	U+00D7	675
94	[	U+005B	655
95	α	U+03B1	648
96	]	U+005D	646
97	σ	U+03C3	561
98	–	U+2013	515
99	*	U+002A	427
100	γ	U+03B3	406
101	U+F8F4	U+F8F4	378
102	X	U+0058	372
103	~	U+007E	357
104	√	U+221A	349
105	◦	U+25E6	341
106	λ	U+03BB	336
107	τ	U+03C4	316
108	δ	U+03B4	312
109	{	U+007B	214
110	•	U+2022	213
111	χ	U+03C7	206
112	_	U+005F	199
113	Z	U+005A	184
114	β	U+03B2	183
115	†	U+2020	183
116	>	U+003E	177
117	→	U+2192	169
118	η	U+03B7	166
119	Γ	U+0393	154
120	∗	U+2217	146
121	κ	U+03BA	132
122	%	U+0025	128
123	∞	U+221E	127
124	±	U+00B1	123
125	̇	U+0307	117
126	<	U+003C	112
127	ö	U+00F6	109
128	Λ	U+039B	91
129	′	U+2032	88
130	U+F8FC	U+F8FC	87
131	U+F8FD	U+F8FD	87
132	U+F8FE	U+F8FE	87
133	Ω	U+03A9	85
134	}	U+007D	82
135	ν	U+03BD	81
136	≈	U+2248	76
137	U+F8F1	U+F8F1	76
138	U+F8F2	U+F8F2	76
139	U+F8F3	U+F8F3	76
140	#	U+0023	75
141	̄	U+0304	67
142	§	U+00A7	66
143	¢	U+00A2	61
144	Φ	U+03A6	58
145	°	U+00B0	50
146	é	U+00E9	43
147	̈	U+0308	41
148	£	U+00A3	37
149	U+F8EC	U+F8EC	35
150	U+F8F7	U+F8F7	35
151	⊥	U+22A5	32
152	è	U+00E8	30
153	\	U+005C	27
154	Å	U+00C5	23
155	Ј	U+0408	22
156	€	U+20AC	22
157	∝	U+221D	22
158	Ϫ	U+03EA	21
159	‡	U+2021	20
160	U+F8EF	U+F8EF	18
161	Ψ	U+03A8	16
162	ϭ	U+03ED	16
163	≡	U+2261	16
164	≥	U+2265	16
165	Σ	U+03A3	15
166	⊗	U+2297	13
167	⌬	U+232C	12
168	`	U+0060	11
169	©	U+00A9	11
170	»	U+00BB	9
171	̊	U+030A	9
172	U+F8EE	U+F8EE	9
173	U+F8F0	U+F8F0	9
174	á	U+00E1	8
175	ϩ	U+03E9	8
176	∓	U+2213	7
177	U+F8EB	U+F8EB	7
178	U+F8ED	U+F8ED	7
179	U+F8F6	U+F8F6	7
180	U+F8F8	U+F8F8	7
181	&	U+0026	6
182	@	U+0040	6
183	Ξ	U+039E	6
184	∴	U+2234	6
185	U+F8F9	U+F8F9	6
186	U+F8FB	U+F8FB	6
187	ä	U+00E4	5
188	↓	U+2193	5
189	«	U+00AB	4
190	≤	U+2264	4
191	É	U+00C9	3
192	î	U+00EE	3
193	؊	U+060A	3
194	¶	U+00B6	2
195	÷	U+00F7	2
196	ü	U+00FC	2
197	⁄	U+2044	2
198	U+F8E6	U+F8E6	2
199	$	U+0024	1
200	^	U+005E	1
201	U+00AD	U+00AD	1
202	Ñ	U+00D1	1
203	ã	U+00E3	1
204	ñ	U+00F1	1
205	ó	U+00F3	1
206	Θ	U+0398	1
207	Π	U+03A0	1
208	Υ	U+03A5	1
209	ζ	U+03B6	1
210	ι	U+03B9	1
211	ξ	U+03BE	1
212	υ	U+03C5	1
213	ϫ	U+03EB	1
214	U+0605	U+0605	1
215	ഠ	U+0D20	1
216	←	U+2190	1
217	⇒	U+21D2	1
218	⍀	U+2340	1
219	U+243B	U+243B	1
