where	who	kind	form	gloss
title	Bev Phillips	title	ɬ cutés us ɬ qəɬmín ɬ tmíxʷ	When Old One Created the Earth
abstract	Brent Hall	cited form	spíləx̣m	story
abstract	Brent Hall	language	nɬeʔkepmxcín	Thompson River Salish
§1	Brent Hall	place	ƛ̓q̓əmcín	Lytton, BC, where Bev Phillips is from
§1	Brent Hall	cited form	qəɬmín	Old One, who creates the sun, the moon and the earth
§1	Brent Hall	thanks	kʷukʷstéyp!	Thank you!
§1.1	Brent Hall	language	St’át’imcets	Lillooet, of the Northern Interior subfamily
§1.1	Brent Hall	language	Secwepemctsín	Shuswap, of the Northern Interior subfamily
§1.3	Bev Phillips	cited form	sptékʷɬ	legends, which she read a lot of
2 1	Bev Phillips	transcription	ɬ cutés us ɬ qəɬmín ɬ tmíxʷ	timestamp 00:00
2 2	Bev Phillips	transcription	ʔéx téʔe ɬ qəɬmín cút ne sxʷáwkʷs k sxʷúy̓s cwə́m te tmíxʷ	timestamp 00:10
2 3	Bev Phillips	transcription	e címeɬ us wʔéx cníɬ tetéʔe k sx̣əkstém ʔe tu hén̓ us k ƛ̓ʔék us	timestamp 00:19
2 4	Bev Phillips	transcription	ƛ̓uʔ ʔéx ʔestéɬix ne swʔéxs ptínusm	timestamp 00:27
2 5	Bev Phillips	transcription	qəstés e q̓ʷúmqns ʔeɬ e sɬíqʷs ʔe splə́ps tu xʷéʔe tuwe cníɬ e sɬíqʷs ʔe sʔesmóls néʔe	timestamp 00:35
2 6	Bev Phillips	transcription	e kɬə́p us e sɬíqʷs néʔe ʔé sk̓ʔéxs ʔé stəptepwíʔxs	timestamp 00:50
2 7	Bev Phillips	transcription	naʕʔíp néʔe x̣íym téʔe	timestamp 00:59
2 8	Bev Phillips	transcription	ʔé stémes téʔe k sxín̓s ƛ̓uʔ e scwúws e x̣zúm néʔe e c̓íy te tmíxʷ	timestamp 01:05
2 9	Bev Phillips	transcription	te snaʕʔíps néʔe xʷesít k̓wétes xéʔe e c̓íy te tmíxʷ	timestamp 01:15
2 10	Bev Phillips	transcription	ʔé sméƛ̓s néʔe e sqʷázzs ʔé scwúws néʔe e spéym	timestamp 01:22
2 11	Bev Phillips	transcription	te snaʕʔíps néʔe xʷesít ʔésxʷəzxʷə́zts néʔe e cwúw te tmíxʷ	timestamp 01:36
2 12	Bev Phillips	transcription	ʔé t hén̓ téʔe e sc̓ʔék̓ʷs ʔé sʕʷyə́ps	timestamp 01:47
2 13	Bev Phillips	transcription	c̓é xéʔe e címeɬ te sp̓ém c̓lóx̣ʷ meɬ xéʔe	timestamp 01:54
2 14	Bev Phillips	transcription	ʔé snaʕʔíps néʔe móles ɬ qəɬmín	timestamp 02:00
2 15	Bev Phillips	transcription	ʔé n hén̓ téʔe e skʷnéms tuwe ʔéx ʕʷyə́p ʔé sq̓amíns we sxéʔs	timestamp 02:10
2 16	Bev Phillips	transcription	c̓ʔék̓ʷ xéʔe e sxéʔs te sx̣íyms téʔe	timestamp 02:18
2 17	Bev Phillips	transcription	naʕʔíp qʷáz cníɬ te snaʕʔíps xʷesít ʔeɬ naʕʔíp néʔe ʕʷyə́p e nk̓wétms	timestamp 2:33
2 18	Bev Phillips	transcription	cx̣ʷə́p e sqʷázs ʔeɬ e sx̣ʷənƛ̓íqsc ʔé sƛ̓əɬƛ̓aɬwíʔxs e tmíxʷ néʔe ʔé scwúws néʔe e c̓íƛ̓	timestamp 02:45
2 19	Bev Phillips	transcription	naʕʔíp xéʔe síx̣es te sxʷʔitwíʔxs xéʔe	timestamp 03:25
2 20	Bev Phillips	transcription	ʔeɬ e ʕʷyə́p us xéʔe ʔé sném e sc̓lóx̣ʷs	timestamp 03:38
2 21	Bev Phillips	transcription	ƛ̓oʕʷƛ̓óʕʷt ʔeɬƛ̓uʔ xéʔe ʔé scwúws e tmíxʷ ʔé sc̓és xéʔe e címeɬ te sxén̓x	timestamp 03:44
2 22	Bev Phillips	transcription	té meɬ téʔe k x scwə́ms téʔe tk stéʔ ƛ̓uʔ qəscút ʔeɬ xʷesít néʔe	timestamp 03:58
2 23	Bev Phillips	transcription	q̓amíns e ʔéx ʕʷyə́p e c̓lox̣ʷwíʔx us	timestamp 04:08
2 24	Bev Phillips	transcription	cx̣ʷə́p e sqʷázs ʔeɬ e sxʷənƛ̓íqs méƛ̓əƛ̓ we tmíxʷ	timestamp 04:12
2 25	Bev Phillips	transcription	cwúw e címeɬ te c̓íƛ̓	timestamp 04:20
2 26	Bev Phillips	transcription	cestés e c̓íƛ̓ te sx̣əkstés k sxʷúy̓s qʷəztés ʔe n hén̓ us	timestamp 04:25
2 27	Bev Phillips	transcription	te snaʕʔíps néʔe xʷesít ném e sx̣zumwíʔxs e spéym	timestamp 04:38
2 28	Bev Phillips	transcription	xʷʔitwíʔx e sxén̓x ʔeɬ te snaʕʔíps móles ɬ qəɬmín ʔé swistwíʔxs xéʔe	timestamp 04:45
2 29	Bev Phillips	transcription	cwúw néʔe e címeɬ te sqʷə́m	timestamp 04:58
2 30	Bev Phillips	transcription	naʕʔíp néʔe xʷesít ƛ̓uʔ ʔé sʔesq̓mox̣ʷwíʔxs néʔe ne ʔéx us	timestamp 05:07
2 31	Bev Phillips	transcription	tetéʔe ʔéyɬ k sxʷesítms e tékm xéʔe e swʔéxs te sx̣zumwíʔxs xéʔe	timestamp 05:22
2 32	Bev Phillips	transcription	tetéʔe k sʕʷyə́ps ne tékm e spéym ʔé sx̣ʷə́nt e scʔéks ʔé scímeɬ néʔe e scwúws néʔe e npáʕ̓ʷ	timestamp 05:33
2 33	Bev Phillips	transcription	ʔeɬ te xʷesít us ne tetéʔe k x sʕʷyə́p ʔé scʔéks ʔeɬƛ̓uʔ e súpms ʔé spáʕ̓ʷts	timestamp 05:48
2 34	Bev Phillips	transcription	chə́m ʔeɬƛ̓uʔ tuwe npáʕ̓ʷ	timestamp 06:05
2 35	Bev Phillips	transcription	tu xʷéʔe meɬ e sx̣əkstés k snwén̓s xʷʔít e stéʔ k xʷúy̓ qʷəznwén̓s ʔe xʷúy̓ us cwə́m te tmíxʷ	timestamp 06:08
2 36	Bev Phillips	transcription	tu xʷéʔe meɬ e sɬək̓ʷmíns k sxʷúy̓s cwə́m te sk̓ʷák̓ʷes	timestamp 06:27
2 37	Bev Phillips	transcription	te sx̣əkstés k stémes téʔe k sc̓ʔék̓ʷs e tékm e spéym	timestamp 06:36
2 38	Bev Phillips	transcription	k̓ʷmíʔmeʔ néʔe e sc̓ʔék̓ʷs te snaʕʔíps ƛ̓əm̓ q̓amíns e sʕʷyə́p we xéʔ	timestamp 06:44
2 39	Bev Phillips	transcription	nwén̓ néʔe cwúw ne spéym e qʷúʔ te szʔéxʷs e npáʕ̓ʷ ʔeɬ tuwe sqʷázzs e qəɬmín	timestamp 06:57
2 40	Bev Phillips	transcription	xʷʔít meɬ xéʔe tk qʷúʔ netés qəɬmín te x̣zúm te qʷúʔ	timestamp 07:13
2 41	Bev Phillips	transcription	ʔé ʔéyɬ e skʷném tuwe tmíxʷ ʔeɬ e sʕʷyə́p	timestamp 07:22
2 42	Bev Phillips	transcription	c̓é ɬ sk̓ʷák̓ʷes e xʷúy̓ cutés	timestamp 07:35
2 43	Bev Phillips	transcription	tuwe tmíxʷ ʔeɬ e sp̓ém e cutés us	timestamp 07:39
2 44	Bev Phillips	transcription	kʷném tuwe tmíxʷ ʔé sq̓əmx̣ʷetés ʔiɬ nƛ̓áɬses us te c̓íƛ̓	timestamp 07:45
2 45	Bev Phillips	transcription	cəqtés ne x̣zúm te spéym ƛ̓eʔ k̓ʔéx	timestamp 07:56
2 46	Bev Phillips	transcription	k̓ʷinixésq̓t nke tk síƛ̓q̓t ʔiɬ k̓ʔéx us	timestamp 07:59
2 47	Bev Phillips	transcription	ʔé scwə́ms te skíʔkiʔx̣ ʔeɬ nmaʕmáʕm	timestamp 08:07
2 48	Bev Phillips	transcription	cwə́m te skíʔkiʔx̣ te sx̣ʷóx̣ʷstms k sqeʔnímes teʔ k swét teʔ k stéʔ ʔe n hén̓ téʔe x̣ə́k us k sʔéxs nmaʕmáʕm ʔé k sɬxʷəpnwéɬns	timestamp 08:13
2 49	Bev Phillips	transcription	ném xéʔe e sc̓lóx̣ʷs ƛ̓uʔ ʔé snmúyes ne x̣zúm te qʷúʔ te stetéʔe k scutés iʔ e ʔéx nqáyix ʔeɬ e ʔéx cwúw ne x̣zúm te qʷúʔ	timestamp 08:39
2 50	Bev Phillips	transcription	ʕʷyə́p ɬ nmaʕmáʕm ʔé stu xʷéʔe e skʷnéms te sʕʷyə́p	timestamp 08:55
2 51	Bev Phillips	transcription	ʔésc̓ék̓ʷes e sq̓móx̣ʷ	timestamp 09:03
2 52	Bev Phillips	transcription	nwén̓ néʔe k̓ʔéx e c̓íƛ̓ ʔé snéms e sʕʷyə́ps ʔé scúts ɬ xeʔɬkʷúkʷpiʔ k sy̓és k sʕʷyə́ps ʔé skʷéns ʔé sqʷintés	timestamp 09:07
2 53	Bev Phillips	transcription	c̓é eʔwí e xʷúy̓ kʷúkʷpiʔ ne tékm e sƛ̓íqt ʔeɬ e tmíxʷ	timestamp 09:25
2 54	Bev Phillips	transcription	tetéʔe k stéʔ k xʷúy̓ wméx ʔe tém us k eʔswméx eʔwí	timestamp 09:32
2 55	Bev Phillips	transcription	tetéʔe k eʔsxʷúy̓ pépyeʔ ne sƛ̓íqt	timestamp 09:43
2 56	Bev Phillips	transcription	xʷúy̓ cuxícn tk smúɬec tk máʕxetn pe téʔ k sxʷúy̓s c̓lóx̣ʷ tetéʔe k sxʷúy̓s təqnwén̓xʷ	timestamp 09:56
2 57	Bev Phillips	transcription	xʷʔít ʔeɬƛ̓uʔ tk máʕxetn k nsxʷúy̓ cwə́m ʔeɬ nkʷəkʷúsn̓	timestamp 10:07
2 58	Bev Phillips	transcription	ʔé sq̓amíns ɬ kʷúkʷpiʔ e sk̓ʷák̓ʷes we sƛ̓íqt ʔé sc̓ʔék̓ʷs e tmíxʷ	timestamp 10:16
2 59	Bev Phillips	transcription	ʔé sxʷúy̓ceʔs kʷném tuwe tmíxʷ ʔeɬ e sxén̓x ʔé sq̓əmx̣ʷetés	timestamp 10:25
2 60	Bev Phillips	transcription	k̓ʷmíʔmeʔ te c̓íƛ̓ ʔeɬƛ̓uʔ ʔéx ʔesméƛ̓es néʔe	timestamp 10:31
2 61	Bev Phillips	transcription	ʔé scúts xʷúy̓ c̓lóx̣ʷ e sk̓ʷák̓ʷes xʷúy̓ ʔesméƛ̓sne k npáʕ̓ʷ ʔeɬ swúxʷt nʔé	timestamp 10:40
2 62	Bev Phillips	transcription	ʔé scwə́ms te qʷúʔ tuwe súp̓ms cníɬ ʔeɬ e sqʷázzs	timestamp 10:56
2 63	Bev Phillips	transcription	qʷintés e tmíxʷ	timestamp 11:00
2 64	Bev Phillips	transcription	eʔwí e tmíxʷ smúɬec kʷ	timestamp 11:02
2 65	Bev Phillips	transcription	ném eʔsxʷúy̓ qʷámqʷəmt te sc̓és tuwe nsúp̓ e cucín un	timestamp 11:06
2 66	Bev Phillips	transcription	ném eʔsxʷúy̓ zoʕ̓ʷzóʕ̓ʷt	timestamp 11:27
2 67	Bev Phillips	transcription	e tékm e xʷúy̓ qʷəztéxʷ n eʔscwúw xʷúy̓ néxcn	timestamp 11:36
2 68	Bev Phillips	transcription	ƛ̓uʔ xʷúy̓ k̓ʷzúsmsc e séytknmx ʔe cuténe us cənkʷúst	timestamp 11:45
2 69	Bev Phillips	transcription	ʔe qʷáz uxʷ ʔé k skɬésktmnxʷ ʔé k sx̣áƛ̓ms we ncéweʔ ʔé k sʔesnɬém̓sne we sqʷúy̓iʔ ƛ̓eʔ x̣ménk	timestamp 11:56
2 70	Bev Phillips	transcription	ʔé k skɬékstms ʔé k sp̓én̓ts w eʔwí ʔé k sqʷúʔnxʷe tmíxʷ	timestamp 12:21
2 71	Bev Phillips	transcription	ʔe xʷʔít us k stékɬc ʔé k sʔescestéxʷ ne sɬíqʷ	timestamp 12:34
2 72	Bev Phillips	transcription	x̣əkstém xʔé te tmíxʷ	timestamp 12:52
2 73	Bev Phillips	transcription	ʔe c̓ə́ɬt us ʔé k spáʕ̓ʷts xéʔe ʔé k swúxʷts	timestamp 12:58
2 74	Bev Phillips	transcription	ʔe x̣ə́k us k sƛ̓ax̣ʷúsc ʔe x̣ə́k us k snpáʕ̓ʷs	timestamp 13:14
2 75	Bev Phillips	transcription	c̓é e sqʷúy̓iʔ k xʷúy̓ nɬém̓tns e qʷúʔ ʔeɬ e sp̓úƛ̓	timestamp 13:20
2 76	Bev Phillips	transcription	naʕʔíp xéʔe xʷúy̓ ʔesqʷzə́z e qʷúʔ	timestamp 13:27
2 77	Bev Phillips	transcription	ʔe cúkʷsne us k scuténe e sɣəpɣép ƛ̓uʔ xʷúy̓ ʔeɬƛ̓uʔ xéʔe ʔeskʷúkʷsc e qʷúʔ ƛ̓eʔ xín̓ ʔiɬ e kɬekstmtíyxs us ʔe nx̣áw̓m us	timestamp 13:37
2 78	Bev Phillips	transcription	cwə́m kn te sqʷəmqʷə́m xʷúy̓ xéʔe kəncís	timestamp 13:57
2 79	Bev Phillips	transcription	xʷúy̓ ʔeskʷukʷstíyxs e swúxʷt ƛ̓eʔ x̣ʷóx̣ʷstmnxʷ us ʔe qʷʔecwíʔx uxʷ	timestamp 14:09
2 80	Bev Phillips	transcription	cwə́m kn n eʔsɬíqʷ ʔeɬƛ̓uʔ te ʔesnk̓úxʷ	timestamp 14:21
2 81	Bev Phillips	transcription	néʔe k sxʷúy̓s ʔescestéxʷ e qʷúʔ	timestamp 14:28
2 82	Bev Phillips	transcription	c̓é xéʔe k xʷúy̓ péɬuskʷu ʔeɬ sptúkʷ	timestamp 14:33
2 83	Bev Phillips	transcription	tuwe sqʷə́m e xʷúy̓ us zíyt e qʷúʔ ʔe zʔéxʷ us e swúxʷt	timestamp 14:37
2 84	Bev Phillips	transcription	c̓é xéʔe e xʷúy̓ qʷuʔúy	timestamp 14:44
2 85	Bev Phillips	transcription	néʔe ne péɬuskʷu ʔeɬ e qʷúʔ e xʷúy̓ us cwúw e ƛ̓íxʷeɬ te swéw̓ɬ ʔeɬ sqyéytn ʔeɬ e nhén̓ téʔe tk ʔéx nqáyix	timestamp 14:49
2 86	Bev Phillips	transcription	xʷʔít néʔe tk spzúz̓uʔ ʔeɬ spzúʔ e xʷúy̓ ʔescítxʷ néʔe	timestamp 15:05
2 87	Bev Phillips	transcription	xʷúy̓ qʷəztíyxs e tékm téʔe tk stéʔ	timestamp 15:14
2 88	Bev Phillips	transcription	e tékm e qʷúʔ tuwe qʷuʔúy te ʔesk̓ʷíɬ xʷúy̓ k̓ʷə́ɬ we x̣zúm te qʷúʔ	timestamp 15:20
2 89	Bev Phillips	transcription	xʷʔít tk ʔéx nqáyix e xʷúy̓ ʔéx ne x̣zúm te qʷúʔ	timestamp 15:33
2 90	Bev Phillips	transcription	ʔé scúntm e tmíxʷ te kʷúkʷpiʔ ném e sxʷʔíts e nsúp̓m cʔéyɬ	timestamp 15:42
2 91	Bev Phillips	transcription	c̓lóx̣ʷ e sk̓ʷák̓ʷes ʔeɬ x̣əksténe k eʔsqʷáz	timestamp 15:57
2 92	Bev Phillips	transcription	cwúw cʔéyɬ e címeɬ te sqʷúy̓iʔ	timestamp 16:03
2 93	Bev Phillips	transcription	xʷúy̓ címeɬ kəntúymn peɬ e sqʷúy̓iʔ k scwə́mep tk swúxʷt ʔeɬ npáʕ̓ʷ	timestamp 16:11
2 94	Bev Phillips	transcription	ʔé xéʔe e xʷúy̓ qʷəztíyxsne ʔe un cwə́m te máʕxetn	timestamp 16:28
2 95	Bev Phillips	transcription	ʔé sxʷúy̓ceʔs néʔe cwúw e qʷúʔ tuwe súp̓s e kʷúkʷpiʔ ʔeɬ e sqʷázs e tmíxʷ	timestamp 16:43
2 96	Bev Phillips	transcription	xʷʔít xéʔe tk qʷúʔ e x x̣áƛ̓m we sqʷúy̓iʔ	timestamp 17:05
2 97	Bev Phillips	transcription	ʔé sc̓éɬes ɬ kʷúkʷpiʔ ʔé spáʕ̓ʷts	timestamp 17:20
2 98	Bev Phillips	transcription	kɬékstms e sqʷúy̓iʔ ne sqʷə́m ʔé swúxʷts	timestamp 17:26
2 99	Bev Phillips	transcription	k̓ʷmíʔmeʔ tu xʷéʔe e kʷís ne tmíxʷ ʔé scímeɬs néʔe npáʕ̓ʷ	timestamp 17:33
2 100	Bev Phillips	transcription	kʷném tuwe swúxʷt ʔeɬ e npáʕ̓ʷ ɬ kʷúkʷpiʔ ʔé sméƛ̓es we sxén̓x ʔeɬ tmíxʷ ʔeɬ k̓ʷmíʔmeʔ néʔe tk c̓íƛ̓	timestamp 17:44
2 101	Bev Phillips	transcription	ʔé sq̓əmx̣ʷetés néʔe x̣zúm xéʔe tk wéƛ̓ e tékm tk ʔestpíq	timestamp 17:55
2 102	Bev Phillips	transcription	ʔé n hén̓ téʔe e sx̣táq ne ʔéyc̓qeʔs	timestamp 18:13
2 103	Bev Phillips	transcription	tetéʔe k spúts k sc̓ə́ɬts ʔeɬ tetéʔe k sqəmqémts	timestamp 18:19
2 104	Bev Phillips	transcription	ʔé sqʷintés e scúws	timestamp 18:29
2 105	Bev Phillips	transcription	téye máʕxetn smúɬec kʷ eʔwí e qʷámqʷəmt te nscúw	timestamp 18:32
2 106	Bev Phillips	transcription	xʷúy̓ kəntéxʷ ɬ sk̓ʷák̓ʷes nɬ sƛ̓íqt	timestamp 18:41
2 107	Bev Phillips	transcription	xʷúy̓ n̓cís te sc̓ék̓ʷ ʔé k swíkms e tékm ʔéx wméx ʔe sítist us	timestamp 18:52
2 108	Bev Phillips	transcription	xʷúy̓ qʷəztíyec e séytknmx ʔe x̣zénm us	timestamp 19:07
2 109	Bev Phillips	transcription	ʔé neʔ k sx̣əkstíyxs ʔe c̓íy us t hén̓ tk máʕxetn	timestamp 19:12
2 110	Bev Phillips	transcription	xʷúy̓ kəntéxʷ e x̣zúm te qʷúʔ ʔe síx̣ix us tuwe tmíxʷ séye néʔe ne síƛ̓q̓t ʔe xʷúy̓ uxʷ x̣íym téʔe	timestamp 19:23
2 111	Bev Phillips	transcription	xʷúy̓ xéʔe cʔékes e tmíxʷ	timestamp 19:39
2 112	Bev Phillips	transcription	xʷúy̓ kəntéxʷ e spzúz̓uʔ ʔeɬ e tékm e x ʔéx ne sk̓əmcíns e x̣zúm te qʷúʔ ʔe x̣íym uxʷ tʔé	timestamp 19:44
2 113	Bev Phillips	transcription	xʷúy̓ceʔ tk eʔscúw xʷúy̓ kəntéxʷ e spzúz̓uʔ ʔe ɬwéy̓st us ʔeɬ ʔe mím̓x us we tmíxʷ	timestamp 19:59
2 114	Bev Phillips	transcription	xʷúy̓ kp kəntwáxʷ peɬ e tmíxʷ ʔeɬ e sk̓ʷák̓ʷes	timestamp 20:10
2 115	Bev Phillips	transcription	ʔé sq̓amíns ɬ máʕxetn we sƛ̓íqt	timestamp 20:17
2 116	Bev Phillips	transcription	ʔé scímeɬs tu xʷéʔe zíyt e tékm e qʷúʔ ne tmíxʷ	timestamp 20:23
2 117	Bev Phillips	transcription	kʷéns ɬ xeʔɬkʷúkʷpiʔ ɬ sʕʷyə́p tuɬ x̣zúm te qʷúʔ ʔé sʔescestés we sƛ̓íqt	timestamp 20:31
2 118	Bev Phillips	transcription	c̓é xéʔe e címeɬ te nmaʕmáʕm	timestamp 20:45
2 119	Bev Phillips	transcription	ʔé skʷnéms xʷúy̓ceʔ ʔé sq̓amíns we sƛ̓íqt ʔé snkʷəkʷúsn̓s ʔeɬ ƛ̓íxʷeɬ te máʕxetn	timestamp 20:53
2 120	Bev Phillips	transcription	ʔé scuntíyxsetm pyépst kp e nkʷəkʷúsn̓ ʔeɬ e máʕxetn	timestamp 21:02
2 121	Bev Phillips	transcription	xʷúy̓ kəntép e stéʔ téʔe tk ʔéx xʷesít ʔe sítist us	timestamp 21:22
2 122	Bev Phillips	transcription	móqʷixuze ne c̓íy t hén̓ téʔe tk y̓é ne sƛ̓íqt	timestamp 21:32
2 123	Bev Phillips	transcription	ʔé néʔe k sy̓és e sxʷáwkʷs e swét k x wíkc.	timestamp 21:39
2 124	Bev Phillips	transcription	ʔe qʷəztíyxs us e ʔéx xʷəsxʷesít ne sítist	timestamp 21:48
2 125	Bev Phillips	transcription	k̓m̓eɬ e sʔíxʷɬep xʷúy̓ kp kəkéw̓ tetéʔe k scímeɬs xʷúy̓ wíkc teʔ k swét	timestamp 22:05
2 126	Bev Phillips	transcription	cúkʷ xéʔe e scúws néʔe tk síƛ̓q̓t te sx̣ʷóx̣ʷstms məstenncút k scwə́ms xʔé tk scúws	timestamp 22:16
2 101	Bev Phillips	damage	wéƛ̓e	the repair closes the space after ƛ̓, welding the two words the paper prints as wéƛ̓ e
2 47	Bev Phillips	damage	skíʔkiʔx̣ʔeɬ	the repair closes the space after x̣, welding the two words the paper prints as skíʔkiʔx̣ ʔeɬ
2 48	Bev Phillips	damage	skíʔkiʔx̣te	the repair closes the space after x̣, welding the two words the paper prints as skíʔkiʔx̣ te
4 46	Brent Hall	damage	t=e=s-kíʔkiʔx̣ʔeɬ	the same weld on the segmentation line, printed as t=e=s-kíʔkiʔx̣ ʔeɬ
4 100	Brent Hall	damage	t=k=wéƛ̓e	the same weld on the segmentation line, printed as t=k=wéƛ̓ e
4 94	Bev Phillips	damage	sxʷúy̓ceʔs5	the footnote 5 marker set against the word, with no punctuation between
4 11	Bev Phillips	surface	sxʷəzxʷə́zts	the analyzed version writes ʔé apart from what §2 joins as ʔésxʷəzxʷə́zts
4 22	Bev Phillips	surface	teʔe	the analyzed version writes this without the accent §2 gives it
4 47	Bev Phillips	surface	sɬx̣ʷəpnwéɬns	the analyzed version writes x̣ where §2 writes x
§1	Brent Hall	cited form	ɬab	the second half of nɬab, the nɬeʔkepmxcín lab
§2	Brent Hall	damage	nɬeʔkepmxcín2	the section heading with the footnote 2 marker set against it
4 1	Brent Hall	segmentation	ɬ=cw-[n]-t--és=us ɬ=qəɬmín ɬ=tmíxʷ
4 1	Bev Phillips	translation	‘When Old One Created the Earth’
4 2	Brent Hall	segmentation	[w]ʔéx= téʔe ɬ=qəɬmín cút= n=e=s-xʷáwkʷ-s k=s=xʷúy̓=s cw-ə́m t=e=tmíxʷ
4 2	Bev Phillips	translation	‘Old one was around, and he was saying in his heart that he would make the earth.’
4 3	Brent Hall	segmentation	e=címeɬ=us wʔéx cníɬ te==téʔe k=s=x̣ək-s-t--ém ʔe=tu=hén̓=us k=ƛ̓ʔék=us
4 3	Bev Phillips	translation	‘When he first existed, we didn’t know where he came from.’
4 4	Brent Hall	segmentation	ƛ̓uʔ ʔéx= ʔes-téɬ-[i]yx n=e=s=wʔéx=s ptínus-m=
4 4	Bev Phillips	translation	‘But he stood where he was, thinking.’
4 5	Brent Hall	segmentation	qəs-[n]-t--és= e=q̓ʷúmqn-s ʔeɬ e=s-ɬíqʷ-s ʔe= [e]=s=pl-ə́p=s tu=xéʔe tu=e=cníɬ e=s-ɬíqʷ-s ʔe= [e]=s=ʔes-mól=s néʔe
4 5	Bev Phillips	translation	‘He scratched his head and his skin, and from him, his skin flew off, and it piled up there.’
4 6	Brent Hall	segmentation	e=kɬ-ə́p=us e=s-ɬíqʷ-s néʔe ʔé= [e]=s=k̓<ʔ>éx=s ʔé= [e]=s=təp~tep-wíy̓x=s
4 6	Bev Phillips	translation	‘After his skin came off, it dried, and it became darker.’
4 7	Brent Hall	segmentation	naʕʔíp= néʔe x̣íy-m téʔe
4 7	Bev Phillips	translation	‘He was always doing that there.’
4 8	Brent Hall	segmentation	ʔé= [e]=s=téme=s=téʔe k=s=xín̓=s=ƛ̓uʔ e=s=cw~ə́w=s e=x̣zúm néʔe e=c̓íy= t=e=tmíxʷ
4 8	Bev Phillips	translation	‘It wasn’t very long until something like a big pile of dirt formed.’
4 9	Brent Hall	segmentation	t=e=s=naʕʔíp=s néʔe xʷesít k̓wét-n-[t]--[e]s= xéʔe e=c̓íy= t=e=tmíxʷ
4 9	Bev Phillips	translation	‘Since he always walked there, he stepped on that stuff that seemed like dirt.’
4 10	Brent Hall	segmentation	ʔé= [e]=s=[ʔes]-méƛ̓=s néʔe e=s-qʷáz~z-s ʔé= [e]=s=cw~ə́w=s néʔe e=s-péym
4 10	Bev Phillips	translation	‘His sweat was mixed into there, and a flatland was formed there.’
4 11	Brent Hall	segmentation	t=e=s=naʕʔíp=s néʔe xʷesít ʔé= [e]=s=xʷəz~xʷə́z-t=s néʔe e=cw~ə́w t=e=tmíxʷ
4 11	Bev Phillips	translation	‘Since he always walked there, the earth that formed there was sharp.’
4 12	Brent Hall	segmentation	ʔé= t=hén̓ téʔe e=s=c̓<ʔ>ék̓ʷ=s ʔé= [e]=s=ʕʷy-ə́p=s
4 12	Bev Phillips	translation	‘Here and there, the earth was lit, and it burned.’
4 13	Brent Hall	segmentation	c-ʔé= xéʔe e=címeɬ t=e=s-p̓ém c̓lóx̣ʷ==meɬ xéʔe
4 13	Bev Phillips	translation	‘That was the first fire, it was hot.’
4 14	Brent Hall	segmentation	ʔé= [e]=s=naʕʔíp=s néʔe mól-n-[t]--[e]s ɬ=qəɬmín
4 14	Bev Phillips	translation	‘Old one was always gathering it and piling it up.’
4 15	Brent Hall	segmentation	ʔé= n=hén̓ téʔe e=s=kʷné-m=s tu=e=ʔéx= ʕʷy-ə́p ʔé= [e]=s=q̓amín-[n]-[t]--[e]s w=e=s-xéʔ-s
4 15	Bev Phillips	translation	‘Every once in a while, he took from what was burning, and he threw it above him.’
4 16	Brent Hall	segmentation	c̓<ʔ>ék̓ʷ= xéʔe e=s-xéʔ-s t=e=s=x̣íy-m=s téʔe
4 16	Bev Phillips	translation	‘What was above him became illuminated because of his doing that.’
4 17	Brent Hall	segmentation	naʕʔíp= qʷáz cníɬ t=e=s=naʕʔíp=s xʷesít ʔeɬ naʕʔíp néʔe ʕʷy-ə́p e=n-k̓wét-m[in]-s
4 17	Bev Phillips	translation	‘He was always sweating because he was always walking, and his path was always burning.’
4 18	Brent Hall	segmentation	cx̣ʷ-ə́p= e=s-qʷáz-s ʔeɬ e=s-x̣ʷənƛ̓í-[e]qs-s ʔé= [e]=s=ƛ̓əɬ~ƛ̓aɬ-wíy̓x=s e=tmíxʷ néʔe ʔé= [e]=s=cw~ə́w=s néʔe e=c̓íƛ̓
4 18	Bev Phillips	translation	‘His sweat and his snot dripped, and the earth got sticky, and pitch formed there.’
4 19	Brent Hall	segmentation	naʕʔíp= xéʔe síx̣-n-[t]--[e]s t=e=s=xʷʔit-wíy̓x=s xéʔe
4 19	Bev Phillips	translation	‘He was always moving that around because it became a lot.’
4 20	Brent Hall	segmentation	ʔeɬ e=ʕʷy-ə́p=us xéʔe ʔe= [e]=s=ném=[s] e=s=c̓lóx̣ʷ=s
4 20	Bev Phillips	translation	‘And when that burned, it was very hot.’
4 21	Brent Hall	segmentation	ƛ̓əʕʷ~ƛ̓ə́ʕʷ-t==ʔeɬƛ̓uʔ xéʔe ʔe= [e]=s=cw~ə́w=s e=tmíxʷ ʔe= [e]=s=c-ʔé=s xéʔe e=címeɬ t=e=s-xén̓x
4 21	Bev Phillips	translation	‘And that was hard also and from there the earth formed and that became the first rock.’
4 22	Brent Hall	segmentation	té==meɬ=teʔe k=[ʔe]x=s=cw-ə́m=s téʔe t=e=s-téʔ ƛ̓uʔ qəs-[n]-t-sút= ʔeɬ xʷesít néʔe
4 22	Bev Phillips	translation	‘He wasn’t making anything, but he scratched himself and walked there.’
4 23	Brent Hall	segmentation	q̓amín-[n]-[t]--[e]s= e=ʔéx= ʕʷy-ə́p ʔe=c̓lox̣ʷ-wíy̓x=us
4 23	Bev Phillips	translation	‘He threw what was burning whenever it got too hot.’
4 24	Brent Hall	segmentation	cx̣ʷ-ə́p= e=s-qʷáz-s ʔeɬ e=s-xʷənƛ̓í-[e]qs-s méƛ̓~əƛ̓= w=e=tmíxʷ
4 24	Bev Phillips	translation	‘His sweat and snot dripped, and it mixed with the dirt.’
4 25	Brent Hall	segmentation	cw~ə́w= e=címeɬ t=e=c̓íƛ̓
4 25	Bev Phillips	translation	‘The first pitch was formed.’
4 26	Brent Hall	segmentation	cə[h]-s-t--és= e=c̓íƛ̓ t=e=s=x̣ək-s-t--és k=s=xʷúy̓=s qʷəz-[n]-t--és ʔe=n=hén̓=us
4 26	Bev Phillips	translation	‘He stored the pitch because he knew he was going to use it at some point.’
4 27	Brent Hall	segmentation	t=e=s=naʕʔíp=s néʔe xʷesít ném= e=s=x̣zum-wíy̓x=s e=s-péym
4 27	Bev Phillips	translation	‘Since he always walked there, the flatland got bigger.’
4 28	Brent Hall	segmentation	xʷʔit-wíy̓x= e=s-xén̓x ʔeɬ t=e=s=naʕʔíp=s mól-n-[t]--[e]s ɬ=qəɬmín ʔé= [e]=s=wis-t-wíy̓x=s xéʔe
4 28	Bev Phillips	translation	‘A lot of rocks were formed, and because Old One kept piling them up, the piles got taller.’
4 29	Brent Hall	segmentation	cw~ə́w= néʔe e=címeɬ t=e=s-qʷə́m
4 29	Bev Phillips	translation	‘And the first mountain was formed.’
4 30	Brent Hall	segmentation	naʕʔíp= néʔe xʷesít ƛ̓uʔ ʔé= [e]=s=ʔes-q̓məx̣ʷ-wíy̓x=s néʔe n=e=[w]ʔéx=us
4 30	Bev Phillips	translation	‘He always walked there, so it became round where he was.’
4 31	Brent Hall	segmentation	te==téʔe ʔéyɬ k=s=xʷesít-m[in]-[t]--[e]s e=tékm xéʔe e=s=wʔéx=s t=e=s=x̣zum-wíy̓x=s xéʔe
4 31	Bev Phillips	translation	‘He couldn’t walk all over the place where he was because it had gotten so big.’
4 32	Brent Hall	segmentation	te==téʔe k=s=ʕʷy-ə́p=s n=e=tékm e=s-péym ʔé= [e]=s=x̣ʷə́n-t=[s] e=s=c<ʔ>ék=s ʔe= [e]=s=címeɬ=[s] néʔe e=s=cw~ə́w=s néʔe e=n-páʕ̓ʷ
4 32	Bev Phillips	translation	‘Not all of the flatland burned, and it cooled down quickly, and the first ice was formed.’
4 33	Brent Hall	segmentation	ʔeɬ t=e=xʷesít=us n=e=te==téʔe k=[ʔe]x=s=ʕʷy-ə́p=[s] ʔé= [e]=s=c<ʔ>ék=s=ʔeɬƛ̓uʔ e=[s]=súp-m=s ʔé= [e]=s=páʕ̓ʷ-t=s
4 33	Bev Phillips	translation	‘And since he walked in the areas that weren’t burning, his breath also cooled off, and it froze.’
4 34	Brent Hall	segmentation	ch-ə́m==ʔeɬƛ̓uʔ tu=e=n-páʕ̓ʷ
4 34	Bev Phillips	translation	‘He also put away some ice.’
4 35	Brent Hall	segmentation	tu=xéʔe==meɬ e=s=x̣ək-s-t--és k=s=nwén̓=s xʷʔít e=s-téʔ k=xʷúy̓= qʷəz-nwén̓-[t]--[e]s ʔe=xʷúy̓=us cw-ə́m t=e=tmíxʷ
4 35	Bev Phillips	translation	‘From that time on, he knew there were already many things that he would be able to use when forming the earth.’
4 36	Brent Hall	segmentation	tu=xéʔe==meɬ e=s=ɬək̓ʷ-mín-[t]--[e]s k=s=xʷúy̓=s cw-ə́m t=e=s-k̓ʷák̓ʷes t=e=s=x̣ək-s-t--és k=s=téme=s=téʔe k=s=c̓<ʔ>ék̓ʷ=s e=tékm e=s-péym
4 36	Bev Phillips	translation	‘From that time on, he had been thinking about making the sun because he knew that not all of the flatland was illuminated.’
4 37	Brent Hall	segmentation	k̓ʷm~íʔmeʔ= néʔe e=s=c<ʔ>ék̓ʷ=s t=e=s=naʕʔíp=s=ƛ̓əm̓ q̓amín-[n]-[t]--[e]s e=s-ʕʷy-ə́p w=e=xéʔ
4 37	Bev Phillips	translation	‘There was only a bit of light because he had been throwing what was burning above.’
4 38	Brent Hall	segmentation	nwén̓= néʔe cw~ə́w n=e=s-péym e=qʷúʔ t=e=s=z<ʔ>éxʷ=s e=n-páʕ̓ʷ ʔeɬ tu=e=s-qʷáz~z=s e=qəɬmín
4 38	Bev Phillips	translation	‘Water had already formed there on the flatland because of the melting ice and from Old One’s sweat.’
4 39	Brent Hall	segmentation	xʷʔít==meɬ xéʔe t=k=qʷúʔ ne-[n]-t--és= qəɬmín t=e=x̣zúm t=e=qʷúʔ
4 39	Bev Phillips	translation	‘There was a lot of water, so Old One named it the big water’
4 40	Brent Hall	segmentation	ʔé= ʔéyɬ e=s=kʷné-m=s tu=e=tmíxʷ ʔeɬ e=s-ʕʷy-ə́p
4 40	Bev Phillips	translation	‘Then he took some of the dirt and what was burning.’
4 41	Brent Hall	segmentation	c-ʔé= ɬ=s-k̓ʷák̓ʷes e=xʷúy̓= cw-[n]-t--és
4 41	Bev Phillips	translation	‘It was Sun that he would make.’
4 42	Brent Hall	segmentation	tu=e=tmíxʷ= ʔeɬ e=s-p̓ém e=cw-[n]-t--és=us
4 42	Bev Phillips	translation	‘He made it from earth and fire.’
4 43	Brent Hall	segmentation	kʷné-m= tu=e=tmíxʷ ʔé= [e]=s=q̓əmx̣ʷ-n-t--és ʔiɬ n-ƛ̓áɬ-[u]s-n-[t]--[e]s=us t=e=c̓íƛ̓
4 43	Bev Phillips	translation	‘He took some earth, made it into a ball, and held it together with pitch.’
4 44	Brent Hall	segmentation	cəq-[n]-t--és= n=e=x̣zúm t=e=s-péym ƛ̓eʔ=k̓<ʔ>éx=
4 44	Bev Phillips	translation	‘He set it on a huge open place until it dried.’
4 45	Brent Hall	segmentation	k̓ʷinix-ésq̓t==nke t=k=síƛ̓q̓t ʔiɬ k̓<ʔ>éx=us
4 45	Bev Phillips	translation	‘It must have been many days before it dried.’
4 46	Brent Hall	segmentation	ʔé= [e]=s=cw-ə́m=s t=e=s-kíʔkiʔx̣ ʔeɬ n-maʕ~máʕ-m
4 46	Bev Phillips	translation	‘Then he made thunder and lightning.’
4 47	Brent Hall	segmentation	cw-ə́m= t=e=s-kíʔkiʔx̣ t=e=s=x̣ʷóx̣ʷst-m[in]-[t]--[e]s k=s=qeʔním-n-[t]--[e]s teʔ k=s-wét teʔ k=s-téʔ ʔe=n=hén̓= téʔe x̣ə́k=us k=s=[w]ʔéx=s n-maʕ~máʕ-m ʔé= k=s=ɬx̣ʷ-əp-nwéɬn=s
4 47	Bev Phillips	translation	‘He created thunder because he wanted anyone or anything to hear it whenever there was lightning so that they would be able to escape.’
4 48	Brent Hall	segmentation	ném= xéʔe e=s=c̓lóx̣ʷ=s=ƛ̓uʔ ʔé= [e]=s=n-múy-n-[t]--[e]s n=e=x̣zúm t=e=qʷúʔ t=e=s=te=téʔe k=s=cw-[n]-t--és=y̓ e=ʔéx= n-qáy-[i]yx ʔeɬ e=ʔéx= cw~ə́w n=e=x̣zúm t=e=qʷúʔ
4 48	Bev Phillips	translation	‘It was still hot, so he set it in the big water since he had not yet made all that swim in the water and all that grow in the water.’
4 49	Brent Hall	segmentation	ʕʷy-ə́p= ɬ=n-maʕ~máʕ-m ʔé= [e]=s=tu=xéʔe e=s=kʷné-m=s t=e=s-ʕʷy-ə́p
4 49	Bev Phillips	translation	‘Lightning burned and from there he took fire.’
4 50	Brent Hall	segmentation	ʔé= [e]=s=c̓ék̓ʷ-n-[t]--[e]s e=s-q̓mə́x̣ʷ
4 50	Bev Phillips	translation	‘And then he lit the round earth.’
4 51	Brent Hall	segmentation	nwén̓= néʔe k̓<ʔ>éx e=c̓íƛ̓ ʔé= [e]=s=ném=s e=s=ʕʷy-ə́p=s ʔé= [e]=s=cút=s ɬ=xeʔ-ɬ-kʷú<kʷ>piʔ k=s=y̓ə́[h]=s k=s=ʕʷy-ə́p=s ʔé= [e]=s=kʷén=s ʔé= [e]=s=qʷin-[n]-t--és
4 51	Bev Phillips	translation	‘The pitch had already dried, and it really burned, and the Creator said that it had burned well enough, and he took it and spoke to it.’
4 52	Brent Hall	segmentation	c-ʔé= eʔwí e=xʷúy̓= kʷú<kʷ>piʔ n=e=tékm e=s-ƛ̓íqt ʔeɬ e=tmíxʷ
4 52	Bev Phillips	translation	‘“You will be the chief in all the sky and all the earth.’
4 53	Brent Hall	segmentation	te==téʔe k=s-téʔ k=xʷúy̓= wméx ʔe=tém=us k=eʔ=s=wméx eʔwí
4 53	Bev Phillips	translation	‘“There will be nothing that is alive if you are not alive.’
4 54	Brent Hall	segmentation	te==téʔe k=eʔ=s=xʷúy̓ pé<p>yeʔ n=e=s-ƛ̓íqt
4 54	Bev Phillips	translation	‘“You will not be alone in the sky.’
4 55	Brent Hall	segmentation	xʷúy̓= cw-xí-t-s[i]-n t=k=s-múɬec t=k=máʕ-xn-tn pe téʔ= k=s=xʷúy̓=s c̓lóx̣ʷ te==téʔe k=s=xʷúy̓=s təq-nwén̓-[t]--[e]xʷ
4 55	Bev Phillips	translation	‘“I’m going to create a woman moon for you, but she will not be hot and you will not be able to touch her.’
4 56	Brent Hall	segmentation	xʷʔít==ʔeɬƛ̓uʔ t=k=máʕ-xn-tn k=n=s=xʷúy̓ cw-ə́m ʔeɬ n-kʷəkʷúsn̓
4 56	Bev Phillips	translation	‘“I am also going to create many moons and stars.’
4 57	Brent Hall	segmentation	ʔé= [e]=s=q̓amín-[n]-[t]--[e]s ɬ=kʷú<kʷ>piʔ e=s-k̓ʷák̓ʷes w=e=s-ƛ̓íqt ʔé= [e]=s=c̓<ʔ>ék̓ʷ=s e=tmíxʷ
4 57	Bev Phillips	translation	‘And Creator threw the sun into the sky, and light shined on the earth.’
4 58	Brent Hall	segmentation	ʔé= [e]=s=xʷúy̓ceʔ=s kʷné-m tu=e=tmíxʷ ʔeɬ e=s-xén̓x ʔé= [e]=s=q̓əmx̣ʷ-n-t--és
4 58	Bev Phillips	translation	‘And then he took more dirt and rocks and mixed them together into a sphere.’
4 59	Brent Hall	segmentation	k̓ʷm~íʔmeʔ t=e=c̓íƛ̓ ʔeɬƛ̓uʔ ʔéx= ʔes-méƛ̓-n-[t]--[e]s néʔe
4 59	Bev Phillips	translation	‘He also mixed a little bit of pitch into it.’
4 60	Brent Hall	segmentation	ʔé= [e]=s=cút=s xʷúy̓= c̓lóx̣ʷ e=s-k̓ʷák̓ʷes xʷúy̓= ʔes-méƛ̓-s-[t]--[e]ne k=n-páʕ̓ʷ ʔeɬ s-wúxʷt nʔé
4 60	Bev Phillips	translation	‘And he said, “The sun will be hot, so I am going to mix ice and snow into this.”’
4 61	Brent Hall	segmentation	ʔé= [e]=s=cw-ə́m=s t=e=qʷúʔ tu=e=[s]=súp̓-m=s cníɬ ʔeɬ e=s-qʷáz~z-s
4 61	Bev Phillips	translation	‘And he made water from his breath and his sweat.’
4 62	Brent Hall	segmentation	qʷin-[n]-t--és= e=tmíxʷ
4 62	Bev Phillips	translation	‘He spoke to the earth.’
4 63	Brent Hall	segmentation	eʔwí= e=tmíxʷ s-múɬec=kʷ
4 63	Bev Phillips	translation	‘“You are the earth, you are a woman.’
4 64	Brent Hall	segmentation	ném= [e]=eʔ=s=xʷúy̓ qʷámqʷəm-t t=e=s=c-ʔé=s tu=e=n-[s]-súp̓ e=cw-[n]-t-sí-n=un
4 64	Bev Phillips	translation	‘“You will be very beautiful because I made you from my own breath.’
4 65	Brent Hall	segmentation	ném= [e]=eʔ=s=xʷúy̓ zəʕ̓ʷ~zóʕ̓ʷ-t
4 65	Bev Phillips	translation	‘“You will be very strong.’
4 66	Brent Hall	segmentation	e=tékm e=xʷúy̓= qʷəz-[n]-t--éxʷ n=[e]=eʔ-s-cw~ə́w xʷúy̓= né-x[i]-t-s[i]-n
4 66	Bev Phillips	translation	‘“All that you will be using in your work, I’m going to give you.’
4 67	Brent Hall	segmentation	ƛ̓uʔ xʷúy̓= k̓ʷz-ús-m-s-t-s[i]-[e]s e=séytkn-[e]mx ʔe=cw-[n]-t--éne=us cənkʷúst
4 67	Bev Phillips	translation	‘“But the people are going to give you trouble when I create them.’
4 68	Brent Hall	segmentation	ʔe=qʷáz=uxʷ ʔé= k=s=kɬ-éskt-m[i]n-[t]--[e]xʷ ʔé= k=s=x̣áƛ̓-m=s w=e=ncéweʔ ʔé= k=s=ʔes-n-ɬém̓-s-[t]--[e]ne w=e=s-qʷúy̓iʔ ƛ̓eʔ=x̣m-énk=
4 68	Bev Phillips	translation	‘“When you sweat, you will let it go and it will come up to me, and I will store it in the cloud until it’s heavy.’
4 69	Brent Hall	segmentation	ʔé= k=s=kɬ-ékst-m[in]-[t]--[e]s ʔé= k=s=p̓én̓t=s w=[e]=eʔwí ʔé= k=s=qʷúʔ-n-[t]--[e]xʷ e=tmíxʷ
4 69	Bev Phillips	translation	‘“And he will let it go, and it will return to you, and you will water the earth.’
4 70	Brent Hall	segmentation	ʔe=xʷʔít=us k=s=tékɬ=s ʔé= k=s=ʔes-cə[h]-s-t--éxʷ n=e=s-ɬíqʷ
4 70	Bev Phillips	translation	‘“If it rains a lot, you will store it in your flesh.’
4 71	Brent Hall	segmentation	x̣ək-s-t--ém= xʔé t=e=tmíxʷ=
4 71	Bev Phillips	translation	‘We understand this as the earth.’
4 72	Brent Hall	segmentation	ʔe=c̓ə́ɬ-t=us ʔé= k=s=páʕ̓ʷ-t=s xéʔe ʔé= k=s=wúxʷt=s
4 72	Bev Phillips	translation	‘“If it’s cold, it will freeze and it will snow.’
4 73	Brent Hall	segmentation	ʔe=x̣ə́k=us k=s=ƛ̓ax̣ʷús=s ʔe=x̣ə́k=us k=s=n-páʕ̓ʷ=s
4 73	Bev Phillips	translation	‘“Perhaps it will be hail, perhaps it will be ice.’
4 74	Brent Hall	segmentation	c-ʔé= e=s-qʷúy̓iʔ k=xʷúy̓= n-ɬém̓-tn-s e=qʷúʔ ʔeɬ e=s-p̓úƛ̓
4 74	Bev Phillips	translation	‘“The cloud is going to be the container for the water and the fog.’
4 75	Brent Hall	segmentation	naʕʔíp= xéʔe xʷúy̓ ʔes-qʷz~ə́z e=qʷúʔ
4 75	Bev Phillips	translation	‘“The water will always be used.’
4 76	Brent Hall	segmentation	ʔe=cúkʷ-s-[t]--[e]ne=us k=s=cw-[n]-t--éne e=s-ɣəp~ɣép ƛ̓uʔ xʷúy̓==ʔeɬƛ̓uʔ xéʔe ʔes-kʷúkʷ-s-t--[e]s e=qʷúʔ ƛ̓eʔ=xín̓= ʔiɬ e=kɬ-ekst-m[in]-t--íyxs=us ʔe=n-x̣áw̓-m=us
4 76	Bev Phillips	translation	‘When I finish the trees, they will also hold the water for a long time before they let it go when they’re thirsty.’
4 77	Brent Hall	segmentation	cw-ə́m=kn t=e=s-qʷəm~qʷə́m xʷúy̓= xéʔe kən-[n]-t-sí-[e]s
4 77	Bev Phillips	translation	‘“I made mountains. Those will help you.’
4 78	Brent Hall	segmentation	xʷúy̓= ʔes-kʷukʷ-s-t--íyxs e=s-wúxʷt ƛ̓eʔ=x̣ʷóx̣ʷst-m[i]n-[t]--[e]xʷ=us ʔe=qʷ<ʔ>ec-wíy̓x=uxʷ
4 78	Bev Phillips	translation	‘“They will hold the snow until you want it when you get too warm.’
4 79	Brent Hall	segmentation	cw-ə́m=kn n=[e]=eʔ-s-ɬíqʷ ʔeɬƛ̓uʔ t=e=ʔes-n-k̓úxʷ=
4 79	Bev Phillips	translation	‘“I have also created holes in your flesh.’
4 80	Brent Hall	segmentation	néʔe= k=s=xʷúy̓=s ʔes-cə[h]-s-t--éxʷ e=qʷúʔ
4 80	Bev Phillips	translation	‘“There you will store water.’
4 81	Brent Hall	segmentation	c-ʔé= xéʔe k=xʷúy̓= péɬuskʷu ʔeɬ s-ptə́kʷ
4 81	Bev Phillips	translation	‘“Those will be lakes and springs.’
4 82	Brent Hall	segmentation	tu=e=s-qʷə́m= e=xʷúy̓=us zə́y-t e=qʷúʔ ʔe=z<ʔ>éxʷ=us e=s-wúxʷt
4 82	Bev Phillips	translation	‘“From the mountain, the water will run when the snow melts.’
4 83	Brent Hall	segmentation	c-ʔé= xéʔe e=xʷúy̓= qʷuʔ-[ʔ]úy
4 83	Bev Phillips	translation	‘“That will be the river.’
4 84	Brent Hall	segmentation	néʔe= n=e=péɬuskʷu ʔeɬ e=qʷúʔ e=xʷúy̓=us cw~ə́w e=ƛ̓íxʷeɬ t=e=s-wéw̓ɬ ʔeɬ s-qyéytn ʔeɬ e=nhén̓ téʔe t=k=ʔéx= n-qáy-[i]yx
4 84	Bev Phillips	translation	‘“In the lakes and in the water will grow different trout and salmon and things that swim.’
4 85	Brent Hall	segmentation	xʷʔít= néʔe t=k=s-pzú<z̓u>ʔ ʔeɬ s-pzúʔ e=xʷúy̓= ʔes=cítxʷ néʔe
4 85	Bev Phillips	translation	‘“Many birds and animals will also have homes there.’
4 86	Brent Hall	segmentation	xʷúy̓= qʷəz-[n]-t--íyxs e=tékm téʔe t=k=s-téʔ
4 86	Bev Phillips	translation	‘“They will use all that is there.’
4 87	Brent Hall	segmentation	e=tékm e=qʷúʔ tu=e=qʷuʔ-[ʔ]úy t=e=ʔes-k̓ʷíɬ= xʷúy̓= k̓ʷə́ɬ w=e=x̣zúm t=e=qʷúʔ
4 87	Bev Phillips	translation	‘“All the water from the rivers that remains will spill into the big water.’
4 88	Brent Hall	segmentation	xʷʔít= t=k=ʔéx= n-qáy-[i]yx e=xʷúy̓= [w]ʔéx n=e=x̣zúm t=e=qʷúʔ
4 88	Bev Phillips	translation	‘“There will be lots of things that swim in the big water.’
4 89	Brent Hall	segmentation	ʔé= [e]=s=cún-[n]-t--[e]m e=tmíxʷ t=e=kʷú<kʷ>piʔ ném= e=s=xʷʔít=s e=n=[s]=súp̓-m c-ʔéyɬ
4 89	Bev Phillips	translation	‘And the chief told the earth, “I have breathed a lot today.’
4 90	Brent Hall	segmentation	c̓lóx̣ʷ= e=s-k̓ʷák̓ʷes ʔeɬ x̣ək-s-t-éne= k=eʔ=s=qʷáz
4 90	Bev Phillips	translation	‘“The Sun is hot, and I know you’re sweating.’
4 91	Brent Hall	segmentation	cw~ə́w= c-ʔéyɬ e=címeɬ t=e=s-qʷúy̓iʔ
4 91	Bev Phillips	translation	‘“Today is the making of the first cloud.’
4 92	Brent Hall	segmentation	xʷúy̓= címeɬ kən-[n]-t-úym-n peɬ e=s-qʷúy̓iʔ k=s=cw-ə́m=mp t=k=s-wúxʷt ʔeɬ n-páʕ̓ʷ
4 92	Bev Phillips	translation	‘“I’ll first help you and Cloud make snow and ice.’
4 93	Brent Hall	segmentation	ʔé= xéʔe e=xʷúy̓= qʷəz-[n]-t-íyxs-[n]-[t]--[e]ne ʔe=[ʔex]=un cw-ə́m t=e=máʕ-xn-tn
4 93	Bev Phillips	translation	‘“Those will be what I use when I make the moon.”’
4 94	Brent Hall	segmentation	ʔé= [e]=s=xʷúy̓ceʔ=s néʔe cw~ə́w e=qʷúʔ tu=e=[s]-súp̓-s e=kʷú<kʷ>piʔ ʔeɬ e=s-qʷáz-s e=tmíxʷ
4 94	Bev Phillips	translation	‘Water was created again from the breath of the chief and the sweat of the earth.’
4 95	Brent Hall	segmentation	xʷʔít= xéʔe t=k=qʷúʔ e=[ʔe]x=x̣áƛ̓-m= w=e=s-qʷúy̓iʔ
4 95	Bev Phillips	translation	‘That was a lot of water that went up to the clouds.’
4 96	Brent Hall	segmentation	ʔé= [e]=s=c̓éɬ-n-[t]--[e]s ɬ=kʷú<kʷ>piʔ ʔé= [e]=s=páʕ̓ʷ-t=s
4 96	Bev Phillips	translation	‘And the chief cooled it, and it froze.’
4 97	Brent Hall	segmentation	kɬ-ékst-m[in]-[t]--[e]s= e=s-qʷúy̓iʔ n=e=s-qʷə́m ʔé= [e]=s=wúxʷt=s
4 97	Bev Phillips	translation	‘The cloud let it go on the mountains, and it was snow.’
4 98	Brent Hall	segmentation	k̓ʷm~íʔmeʔ= tu=xéʔe e=kʷís= n=e=tmíxʷ ʔé= [e]=s=címeɬ=s néʔe n-páʕ̓ʷ
4 98	Bev Phillips	translation	‘A little bit of it fell on the earth and it was the first ice.’
4 99	Brent Hall	segmentation	kʷné-m= tu=e=s-wúxʷt ʔeɬ e=n-páʕ̓ʷ ɬ=kʷú<kʷ>piʔ ʔé= [e]=s=méƛ̓-n-[t]--[e]s w=e=s-xén̓x ʔeɬ tmíxʷ ʔeɬ k̓ʷm~íʔmeʔ néʔe t=k=c̓íƛ̓
4 99	Bev Phillips	translation	‘The chief took from the snow and the ice, and he mixed it with rocks and dirt and a small amount of pitch.’
4 100	Brent Hall	segmentation	ʔé= [e]=s=q̓əmx̣ʷ-n-t--és néʔe x̣zúm= xéʔe t=k=wéƛ̓ e tékm t=k=ʔes-t-píq
4 100	Bev Phillips	translation	‘He mixed it there. It was big and almost all white.’
4 101	Brent Hall	segmentation	ʔé= n=hén̓ téʔe e=s-x̣tə́q n=e=ʔéyc̓qeʔ-s
4 101	Bev Phillips	translation	‘Here and there, there were holes on the outside.’
4 102	Brent Hall	segmentation	te==téʔe k=s=pút=s k=s=c̓ə́ɬ-t=s ʔeɬ te==téʔe k=s=qəm~qém-t=s
4 102	Bev Phillips	translation	‘It wasn’t completely cold or completely warm.’
4 103	Brent Hall	segmentation	ʔé= [e]=s=qʷin-[n]-t--és e=s-cə́w-s
4 103	Bev Phillips	translation	‘And he spoke to Moon.’
4 104	Brent Hall	segmentation	téye máʕ-xn-tn s-múɬec=kʷ eʔwí= e=qʷámqʷəm-t t=e=n-s-cə́w
4 104	Bev Phillips	translation	‘“Hey moon, you are a woman, you are my beautiful creation.’
4 105	Brent Hall	segmentation	xʷúy̓= kən-[n]-t--éxʷ ɬ=s-k̓ʷák̓ʷes n=ɬ=s-ƛ̓íqt
4 105	Bev Phillips	translation	‘“You will help Sun in the sky.’
4 106	Brent Hall	segmentation	xʷúy̓= n̓-[n]-t-sí-[e]s t=e=s-c̓ék̓ʷ ʔé= k=s=wík-m=s e=tékm ʔéx= wméx ʔe=sítist=us
4 106	Bev Phillips	translation	‘“He will give you light and all that lives in the night will be able to see.’
4 107	Brent Hall	segmentation	xʷúy̓= qʷəz-[n]-t-íy[xs]-n-t-s[i]-[e]s e=séytkn-[e]mx ʔe=x̣zén-m=us
4 107	Bev Phillips	translation	‘People will use you when they count.’
4 108	Brent Hall	segmentation	ʔé==neʔ k=s=x̣ək-s-t--íyxs ʔe=c̓íy=us t=hén̓ t=k=máʕ-xn-tn
4 108	Bev Phillips	translation	‘They will know what month it is.’
4 109	Brent Hall	segmentation	xʷúy̓= kən-[n]-t--éxʷ e=x̣zúm t=e=qʷúʔ ʔe=síx̣-[i]yx=us tu=e=tmíxʷ séye= néʔe n=e=síƛ̓q̓t ʔe=xʷúy̓=uxʷ x̣íy-m téʔe
4 109	Bev Phillips	translation	‘“You will help the big water when it leaves the land. You will do this two times per day.’
4 110	Brent Hall	segmentation	xʷúy̓= xéʔe c<ʔ>ék-n-[t]--[e]s e=tmíxʷ
4 110	Bev Phillips	translation	‘This will also cool the earth.’
4 111	Brent Hall	segmentation	xʷúy̓= kən-[n]-t--éxʷ e=s-pzú<z̓u>ʔ ʔeɬ e=tékm e=[ʔe]x=[w]ʔéx= n=e=s-k̓əm-cín-s e=x̣zúm t=e=qʷúʔ ʔe=x̣íy-m=uxʷ tʔé
4 111	Bev Phillips	translation	‘“You will help the birds and all that live on the edge of the big water if you do this.’
4 112	Brent Hall	segmentation	xʷúy̓ceʔ= t=k=eʔ-s-cə́w xʷúy̓= kən-[n]-t--éxʷ e=s-pzú<z̓u>ʔ ʔe=ɬwéy̓st=us ʔeɬ ʔe=mím̓x=us w=e=tmíxʷ
4 112	Bev Phillips	translation	‘“More of your work is that you will help the birds in the fall when they move across the earth.’
4 113	Brent Hall	segmentation	xʷúy̓=kp kən-[n]-t-wáxʷ peɬ e=tmíxʷ ʔeɬ e=s-k̓ʷák̓ʷes
4 113	Bev Phillips	translation	‘“You and the earth and the sun will help each other.”’
4 114	Brent Hall	segmentation	ʔé= [e]=s=q̓amín-[n]-[t]--[e]s ɬ=máʕ-xn-tn w=e=s-ƛ̓íqt
4 114	Bev Phillips	translation	‘And he threw the moon into the sky.’
4 115	Brent Hall	segmentation	ʔé= [e]=s=címeɬ=s tu=xéʔe zə́y-t e=tékm e=qʷúʔ n=e=tmíxʷ
4 115	Bev Phillips	translation	‘And from that time, all the water began to flow on the earth.’
4 116	Brent Hall	segmentation	kʷén-[n]-[t]--[e]s= ɬ=xeʔ-ɬ-kʷú<kʷ>piʔ ɬ=s-ʕʷy-ə́p tu=ɬ=x̣zúm t=e=qʷúʔ ʔé= [e]=s=ʔes-cə[h]-s-t--és w=e=s-ƛ̓íqt
4 116	Bev Phillips	translation	‘The chief took some of the fire from the big water and stored it in the sky.’
4 117	Brent Hall	segmentation	c-ʔé= xéʔe e=címeɬ= t=e=n-maʕ~máʕ-m
4 117	Bev Phillips	translation	‘That was the first lightning.’
4 118	Brent Hall	segmentation	ʔé= [e]=s=kʷné-m=s xʷúy̓ceʔ ʔé= [e]=s=q̓amín-[n]-[t]--[e]s w=e=s-ƛ̓íqt ʔé= [e]=s=n-kʷəkʷúsn̓=s ʔeɬ ƛ̓íxʷeɬ t=e=máʕ-xn-tn
4 118	Bev Phillips	translation	‘And he took more, and he threw it into the sky, and there were stars and different moons.’
4 119	Brent Hall	segmentation	ʔé= [e]=s=cun-[n]-t-íyxs-n-t--[e]m pyépst=kp e=n-kʷəkʷúsn̓ ʔeɬ e=máʕ-xn-tn
4 119	Bev Phillips	translation	‘And he told them, “You are stars and moons.’
4 120	Brent Hall	segmentation	xʷúy̓= kən-[n]-t--ép e=s-téʔ téʔe t=k=ʔéx= xʷesít ʔe=sítist=us
4 120	Bev Phillips	translation	‘“You will help whatever walks about in the night.’
4 121	Brent Hall	segmentation	móqʷ-[i]yx-uz-e= n=e=c̓íy t=hén̓ téʔe t=k=y̓ə́[h]= n=e=s-ƛ̓íqt
4 121	Bev Phillips	translation	‘Arrange yourselves in whichever good way in the sky.’
4 122	Brent Hall	segmentation	ʔé= néʔe k=s=y̓ə́[h]=s e=s-xʷáwkʷ-s e=s-wét k=[ʔe]x=wík-[n]-t-s[i]-[e]s=
4 122	Bev Phillips	translation	‘Whoever looks at you will feel happy.’
4 123	Brent Hall	segmentation	ʔe=qʷəz-[n]-t--íyxs=us e=ʔéx= xʷəs~xʷesít n=e=sítist
4 123	Bev Phillips	translation	‘Those that walk in the night will use you.’
4 124	Brent Hall	segmentation	k̓m̓eɬ e=s-ʔíxʷɬ-mp xʷúy̓=kp kə~kéw̓ te==téʔe k=s=címeɬ=s xʷúy̓ wík-[n]-t-s[i]-[e]s teʔ k=s-wét
4 124	Bev Phillips	translation	‘However, the rest of you will be far away, and at first no one will see you.’
4 125	Brent Hall	segmentation	cúkʷ= xéʔe e=s-cə́w-s néʔe t=k=síƛ̓q̓t t=e=s=x̣ʷóx̣ʷst-m[in]-[t]--[e]s məsten-n-t-sút= k=s=cw-ə́m=s xʔé t=k=s-cə́w-s
4 125	Bev Phillips	translation	‘That was all he made on that day because he wanted what he created to test themselves out.’
footnote 4	Brent Hall	cited form	nhén̓	sometimes analyzable as bimorphemic, left unsegmented in line 84
footnote 4	Brent Hall	cited form	n hén̓	the same form written apart
footnote 4	Brent Hall	cited clitic	n=	a locative preposition meaning at, in or on
footnote 4	Brent Hall	cited form	hén̓	a wh-element
footnote 5	Bev Phillips	cited form	xʷúy̓ceʔ	more or again, what she initially says in the recording
footnote 5	Bev Phillips	cited form	címeɬ	first, what she switches to
References	Brent Hall	cited title	nɬeʔkepmxcín: Thompson River Salish Speech	Egesdal, Thompson and Jimmie 2011
References	Brent Hall	cited title	Nɬeʔkepmxcín	the language named in Garcia et al. 2024 and Hannon et al. 2023
References	Brent Hall	cited title	Kʷəɬtəzétkʷu	Bernice Garcia, the speaker named in Garcia et al. 2024
References	Brent Hall	cited title	xʷíʔ kʷ páq	You Will Be Sorry, Hall and Phillips 2024
