from_rank	to_rank	from	to	count
1	0	e	U+0020	224807
0	2	U+0020	t	165597
2	9	t	h	142316
9	1	h	e	121128
0	3	U+0020	a	109010
7	0	s	U+0020	106413
2	0	t	U+0020	94844
6	0	n	U+0020	79649
5	6	i	n	78322
0	5	U+0020	i	78170
1	8	e	r	69983
19	0	.	U+0020	69480
0	4	U+0020	o	69310
3	2	a	t	67680
21	0	,	U+0020	66774
4	6	o	n	63593
8	1	r	e	62569
0	16	U+0020	w	62125
3	6	a	n	61006
0	7	U+0020	s	58526
12	0	d	U+0020	57521
2	5	t	i	52330
1	6	e	n	50436
14	0	f	U+0020	47536
20	0	y	U+0020	46981
0	11	U+0020	c	46899
9	3	h	a	46087
5	7	i	s	45586
8	0	r	U+0020	43338
4	8	o	r	41061
3	10	a	l	40767
0	14	U+0020	f	40346
1	7	e	s	40246
4	0	o	U+0020	40120
5	2	i	t	39695
4	14	o	f	38959
2	1	t	e	38915
3	8	a	r	38729
2	4	t	o	36918
6	12	n	d	35636
10	1	l	e	35569
6	2	n	t	34459
0	17	U+0020	p	34160
0	15	U+0020	m	33034
23	1	v	e	32819
0	22	U+0020	b	32454
0	1	U+0020	e	31854
7	2	s	t	30793
10	0	l	U+0020	30280
6	18	n	g	30270
5	11	i	c	29961
5	4	i	o	29741
3	0	a	U+0020	29431
6	1	n	e	29007
4	13	o	u	28657
0	12	U+0020	d	28483
15	1	m	e	28388
8	4	r	o	26866
7	1	s	e	26589
1	11	e	c	26269
11	2	c	t	25599
16	1	w	e	24863
1	10	e	l	23463
3	7	a	s	23308
1	12	e	d	23197
9	0	h	U+0020	22985
10	10	l	l	22916
11	4	c	o	22585
0	19	U+0020	.	22328
11	1	c	e	22098
4	15	o	m	22017
11	3	c	a	21867
12	1	d	e	21625
8	5	r	i	21120
7	5	s	i	21083
2	3	t	a	21014
11	9	c	h	20797
6	7	n	s	20702
0	9	U+0020	h	20493
9	5	h	i	20434
0	8	U+0020	r	20385
8	3	r	a	20354
18	0	g	U+0020	20184
22	1	b	e	19735
15	3	m	a	19557
4	2	o	t	18972
12	5	d	i	18769
0	10	U+0020	l	18713
0	6	U+0020	n	18670
1	3	e	a	18368
1	2	e	t	18330
10	3	l	a	17795
13	8	u	r	17577
0	27	U+0020	I	17409
14	4	f	o	17015
10	5	l	i	16884
2	8	t	r	16626
0	30	U+0020	T	16105
13	7	u	s	15873
6	4	n	o	15278
0	32	U+0020	(	15220
16	9	w	h	15108
7	4	s	o	14996
0	18	U+0020	g	14933
13	10	u	l	14923
3	11	a	c	14775
15	0	m	U+0020	14476
4	16	o	w	14461
13	2	u	t	14456
18	1	g	e	14397
10	20	l	y	14262
17	1	p	e	13723
30	9	T	h	13514
17	4	p	o	13422
16	5	w	i	13119
3	23	a	v	12954
14	5	f	i	12896
6	11	n	c	12728
17	8	p	r	12406
5	1	i	e	12226
2	13	t	u	11954
5	18	i	g	11875
31	0	)	U+0020	11870
15	4	m	o	11825
10	4	l	o	11814
17	10	p	l	11785
9	4	h	o	11760
5	10	i	l	11578
0	23	U+0020	v	11405
0	24	U+0020	1	11243
10	12	l	d	11048
8	2	r	t	11001
5	15	i	m	10945
16	3	w	a	10839
26	0	2	U+0020	10659
4	7	o	s	10642
4	10	o	l	10556
7	7	s	s	10543
35	13	q	u	10483
15	17	m	p	10451
7	13	s	u	10356
7	21	s	,	10314
1	1	e	e	10215
3	15	a	m	9930
17	3	p	a	9717
1	15	e	m	9686
1	21	e	,	9618
0	13	U+0020	u	9526
16	0	w	U+0020	9427
13	6	u	n	9398
2	7	t	s	9311
16	4	w	o	9294
8	7	r	s	9220
18	9	g	h	9175
13	15	u	m	9174
37	0	=	U+0020	9077
0	37	U+0020	=	9070
5	8	i	r	8988
25	24	-	1	8984
5	14	i	f	8961
13	3	u	a	8794
24	0	1	U+0020	8738
8	18	r	g	8660
11	5	c	i	8650
6	3	n	a	8637
11	13	c	u	8612
8	20	r	y	8402
5	23	i	v	8206
6	5	n	i	8091
0	40	U+0020	F	7954
3	20	a	y	7952
14	14	f	f	7912
1	29	e	x	7801
5	12	i	d	7788
7	19	s	.	7659
0	42	U+0020	W	7499
5	3	i	a	7475
11	0	c	U+0020	7403
7	17	s	p	7239
0	26	U+0020	2	7204
14	8	f	r	7088
0	39	U+0020	A	7032
3	18	a	g	7005
15	5	m	i	6882
28	1	k	e	6730
2	20	t	y	6718
0	38	U+0020	E	6655
13	11	u	c	6636
7	9	s	h	6603
0	43	U+0020	S	6590
22	20	b	y	6508
23	5	v	i	6455
3	12	a	d	6441
3	22	a	b	6394
7	3	s	a	6367
3	5	a	i	6338
8	15	r	m	6311
11	10	c	l	6232
1	19	e	.	6230
3	17	a	p	6170
1	35	e	q	6160
34	0	0	U+0020	6065
12	4	d	o	5918
1	14	e	f	5895
14	1	f	e	5821
4	17	o	p	5711
27	25	I	-	5701
20	7	y	s	5661
9	2	h	t	5572
8	8	r	r	5518
22	10	b	l	5497
17	17	p	p	5426
0	20	U+0020	y	5406
0	46	U+0020	−	5370
18	5	g	i	5313
1	23	e	v	5295
22	4	b	o	5290
0	48	U+0020	+	5215
7	11	s	c	5209
29	0	x	U+0020	5118
8	11	r	c	5117
2	16	t	w	5100
10	13	l	u	5068
23	3	v	a	5059
2	21	t	,	5026
28	0	k	U+0020	4967
17	9	p	h	4947
6	21	n	,	4927
0	51	U+0020	B	4916
42	1	W	e	4867
2	2	t	t	4865
18	8	g	r	4814
48	0	+	U+0020	4798
0	28	U+0020	k	4759
20	21	y	,	4705
13	1	u	e	4684
15	13	m	u	4542
10	7	l	s	4520
14	3	f	a	4491
27	27	I	I	4475
18	20	g	y	4434
4	12	o	d	4433
4	4	o	o	4418
4	5	o	i	4381
0	54	U+0020	C	4351
4	22	o	b	4328
22	13	b	u	4322
1	17	e	p	4319
18	6	g	n	4316
46	0	−	U+0020	4122
3	28	a	k	4119
18	4	g	o	4111
8	12	r	d	4100
10	2	l	t	4058
0	33	U+0020	3	4056
8	21	r	,	4044
13	17	u	p	3978
0	55	U+0020	N	3963
4	11	o	c	3915
13	0	u	U+0020	3877
4	23	o	v	3842
1	20	e	y	3838
5	22	i	b	3835
17	0	p	U+0020	3769
25	26	-	2	3733
40	5	F	i	3727
12	7	d	s	3705
18	19	g	.	3627
12	13	d	u	3578
22	3	b	a	3575
0	61	U+0020	“	3574
1	5	e	i	3569
6	20	n	y	3557
11	8	c	r	3550
0	35	U+0020	q	3508
0	34	U+0020	0	3474
15	7	m	s	3474
2	19	t	.	3473
20	4	y	o	3443
0	58	U+0020	P	3434
6	19	n	.	3426
6	13	n	u	3419
13	18	u	g	3395
13	12	u	d	3362
17	5	p	i	3331
49	7	'	s	3309
0	29	U+0020	x	3290
1	18	e	g	3290
0	53	U+0020	j	3285
15	22	m	b	3282
33	0	3	U+0020	3260
0	63	U+0020	|	3255
62	0	”	U+0020	3253
18	3	g	a	3095
22	5	b	i	3092
12	21	d	,	3087
32	24	(	1	3042
27	0	I	U+0020	3038
3	13	a	u	3035
11	28	c	k	3021
27	6	I	n	3006
63	0	|	U+0020	3002
13	5	u	i	2982
6	10	n	l	2956
0	59	U+0020	L	2940
0	21	U+0020	,	2922
9	20	h	y	2894
9	8	h	r	2869
8	6	r	n	2858
18	13	g	u	2817
0	44	U+0020	z	2803
1	16	e	w	2789
44	1	z	e	2760
24	34	1	0	2750
2	10	t	l	2736
1	4	e	o	2732
11	7	c	s	2727
0	36	U+0020	4	2712
5	17	i	p	2694
29	17	x	p	2680
39	0	A	U+0020	2636
8	23	r	v	2621
25	33	-	3	2597
16	6	w	n	2585
12	19	d	.	2556
31	19	)	.	2525
3	16	a	w	2515
28	5	k	i	2511
19	24	.	1	2508
41	0	5	U+0020	2507
36	0	4	U+0020	2494
4	1	o	e	2493
17	2	p	t	2486
14	10	f	l	2426
27	14	I	f	2415
8	19	r	.	2404
27	2	I	t	2399
14	13	f	u	2389
0	60	U+0020	R	2388
7	15	s	m	2386
20	19	y	.	2374
17	13	p	u	2311
53	13	j	u	2279
31	21	)	,	2271
18	10	g	l	2262
7	20	s	y	2259
5	44	i	z	2249
24	26	1	2	2244
38	0	E	U+0020	2242
28	6	k	n	2219
4	18	o	g	2198
8	28	r	k	2178
5	28	i	k	2147
8	13	r	u	2144
26	25	2	-	2124
24	24	1	1	2103
34	19	0	.	2099
29	5	x	i	2094
24	19	1	.	2043
11	11	c	c	2016
55	4	N	o	2014
8	14	r	f	1994
24	25	1	-	1993
25	36	-	4	1941
29	3	x	a	1920
10	21	l	,	1911
43	4	S	o	1892
3	29	a	x	1875
26	19	2	.	1866
38	35	E	q	1841
12	20	d	y	1835
24	33	1	3	1831
5	0	i	U+0020	1829
14	2	f	t	1826
23	4	v	o	1826
42	9	W	h	1816
44	0	z	U+0020	1813
6	6	n	n	1812
45	0	6	U+0020	1789
22	7	b	s	1786
19	26	.	2	1760
36	25	4	-	1748
8	10	r	l	1729
24	50	1	9	1728
13	22	u	b	1724
6	49	n	'	1711
4	28	o	k	1700
41	25	5	-	1694
0	41	U+0020	5	1690
12	8	d	r	1675
24	41	1	5	1665
24	36	1	4	1660
45	25	6	-	1650
24	47	1	8	1645
35	19	q	.	1644
24	45	1	6	1642
16	8	w	r	1616
32	26	(	2	1593
33	25	3	-	1587
47	25	8	-	1586
16	7	w	s	1576
12	3	d	a	1572
34	25	0	-	1521
52	25	7	-	1508
6	23	n	v	1489
20	6	y	n	1488
30	0	T	U+0020	1481
10	19	l	.	1464
40	4	F	o	1464
11	20	c	y	1457
26	34	2	0	1453
24	52	1	7	1441
52	0	7	U+0020	1440
15	21	m	,	1439
47	0	8	U+0020	1439
2	49	t	'	1422
22	8	b	r	1412
24	31	1	)	1407
51	13	B	u	1402
29	2	x	t	1397
7	10	s	l	1381
26	31	2	)	1378
15	15	m	m	1372
53	1	j	e	1370
33	19	3	.	1367
19	33	.	3	1361
43	0	S	U+0020	1353
50	25	9	-	1351
14	21	f	,	1350
15	19	m	.	1337
51	0	B	U+0020	1334
12	12	d	d	1317
32	33	(	3	1307
23	0	v	U+0020	1305
25	41	-	5	1303
34	34	0	0	1297
10	23	l	v	1283
59	1	L	e	1237
26	24	2	1	1234
22	0	b	U+0020	1207
36	19	4	.	1178
25	45	-	6	1168
20	1	y	e	1165
49	2	'	t	1150
50	0	9	U+0020	1147
28	7	k	s	1135
5	13	i	u	1122
22	53	b	j	1121
8	22	r	b	1115
17	7	p	s	1114
18	7	g	s	1107
39	6	A	n	1107
8	17	r	p	1105
18	21	g	,	1104
0	45	U+0020	6	1074
0	31	U+0020	)	1060
60	0	R	U+0020	1060
7	56	s	—	1051
53	0	j	U+0020	1048
45	19	6	.	1033
18	2	g	t	1024
41	19	5	.	1022
47	19	8	.	1016
4	21	o	,	1010
56	2	—	t	1007
6	14	n	f	994
19	36	.	4	973
25	52	-	7	973
40	1	F	e	972
26	26	2	2	957
58	0	P	U+0020	952
32	3	(	a	950
33	31	3	)	947
6	28	n	k	946
25	47	-	8	942
10	14	l	f	933
43	13	S	u	933
12	2	d	t	932
10	11	l	c	926
6	15	n	m	914
9	13	h	u	909
1	25	e	-	908
19	31	.	)	904
40	0	F	U+0020	896
4	29	o	x	895
2	31	t	)	888
55	0	N	U+0020	883
0	47	U+0020	8	882
25	50	-	9	869
26	21	2	,	865
29	11	x	c	860
9	21	h	,	855
1	13	e	u	849
32	29	(	x	848
20	5	y	i	843
52	19	7	.	840
36	31	4	)	832
16	21	w	,	828
0	50	U+0020	9	822
54	0	C	U+0020	819
54	4	C	o	808
5	29	i	x	803
19	41	.	5	801
24	21	1	,	801
11	26	c	2	799
20	15	y	m	799
44	3	z	a	784
0	25	U+0020	-	782
56	3	—	a	780
7	14	s	f	779
26	33	2	3	779
57	26	/	2	773
41	31	5	)	772
32	2	(	t	768
25	0	-	U+0020	766
33	36	3	4	763
4	19	o	.	749
33	34	3	0	746
26	41	2	5	745
50	19	9	.	744
32	36	(	4	741
54	9	C	h	740
43	5	S	i	739
1	56	e	—	732
0	52	U+0020	7	721
39	10	A	l	718
45	31	6	)	713
10	16	l	w	709
52	31	7	)	707
29	21	x	,	700
55	1	N	e	699
2	11	t	c	694
34	31	0	)	686
29	1	x	e	684
24	57	1	/	681
7	35	s	q	679
19	62	.	”	666
3	14	a	f	665
25	12	-	d	663
22	31	b	)	651
33	33	3	3	650
47	31	8	)	650
32	22	(	b	649
3	21	a	,	647
33	41	3	5	644
33	45	3	6	643
1	9	e	h	634
3	31	a	)	629
26	47	2	8	620
34	21	0	,	620
33	47	3	8	619
26	36	2	4	615
50	31	9	)	612
59	0	L	U+0020	610
7	16	s	w	608
60	1	R	e	604
22	2	b	t	592
26	52	2	7	591
26	45	2	6	584
30	4	T	o	581
19	45	.	6	570
9	19	h	.	568
33	21	3	,	566
33	26	3	2	565
56	5	—	i	562
36	34	4	0	561
29	25	x	-	556
57	11	/	c	555
20	2	y	t	549
39	7	A	s	549
56	16	—	w	549
7	31	s	)	542
36	26	4	2	541
28	21	k	,	537
33	24	3	1	535
1	22	e	b	524
7	28	s	k	522
0	57	U+0020	/	517
23	26	v	2	514
19	52	.	7	507
26	50	2	9	505
11	19	c	.	504
6	25	n	-	496
33	50	3	9	494
1	49	e	'	490
46	24	−	1	481
54	3	C	a	481
43	2	S	t	472
25	11	-	c	467
36	24	4	1	464
33	52	3	7	462
25	3	-	a	454
20	17	y	p	452
29	31	x	)	448
38	34	E	0	444
1	46	e	−	440
36	21	4	,	440
41	21	5	,	440
3	19	a	.	435
2	25	t	-	434
17	21	p	,	433
44	25	z	-	433
4	3	o	a	431
26	57	2	/	431
7	6	s	n	428
32	7	(	s	428
2	26	t	2	427
17	19	p	.	426
12	10	d	l	424
6	56	n	—	422
45	21	6	,	421
1	31	e	)	419
20	12	y	d	415
25	7	-	s	415
25	2	-	t	414
10	8	l	r	411
43	1	S	e	407
51	1	B	e	407
58	8	P	r	407
21	62	,	”	406
57	0	/	U+0020	405
10	28	l	k	404
20	25	y	-	404
41	34	5	0	403
42	5	W	i	403
1	62	e	”	401
16	19	w	.	395
11	31	c	)	394
13	29	u	x	394
25	9	-	h	393
19	50	.	9	392
16	2	w	t	390
9	7	h	s	382
18	18	g	g	382
25	17	-	p	377
58	9	P	h	377
5	35	i	q	375
20	10	y	l	375
59	3	L	a	373
8	25	r	-	371
38	10	E	l	370
28	19	k	.	369
39	2	A	t	368
19	34	.	0	365
2	56	t	—	364
51	4	B	o	353
29	20	x	y	351
42	0	W	U+0020	351
8	26	r	2	349
8	31	r	)	348
57	12	/	d	346
16	10	w	l	344
49	0	'	U+0020	344
8	9	r	h	343
15	20	m	y	343
61	7	“	s	341
7	62	s	”	339
19	47	.	8	339
5	53	i	j	338
4	25	o	-	334
32	11	(	c	334
51	20	B	y	330
25	15	-	m	324
40	8	F	r	323
28	30	k	T	322
32	5	(	i	322
32	47	(	8	320
29	26	x	2	319
30	3	T	a	319
11	21	c	,	318
36	36	4	4	314
19	21	.	,	313
47	21	8	,	312
20	11	y	c	309
8	35	r	q	307
12	29	d	x	306
20	44	y	z	306
32	16	(	w	301
36	41	4	5	300
29	19	x	.	297
32	8	(	r	297
44	4	z	o	297
52	21	7	,	297
43	11	S	c	296
38	5	E	i	290
8	56	r	—	284
20	16	y	w	284
51	19	B	.	283
60	38	R	E	283
12	18	d	g	282
50	21	9	,	282
56	7	—	s	282
31	26	)	2	281
10	15	l	m	280
29	29	x	x	280
32	12	(	d	278
32	30	(	T	278
36	33	4	3	278
6	31	n	)	277
20	56	y	—	275
32	45	(	6	274
35	0	q	U+0020	274
48	24	+	1	274
32	40	(	F	271
12	56	d	—	268
50	45	9	6	268
50	34	9	0	267
58	3	P	a	267
36	47	4	8	266
61	11	“	c	259
19	19	.	.	258
29	16	x	w	258
9	6	h	n	257
14	20	f	y	257
25	23	-	v	256
59	4	L	o	256
58	4	P	o	253
17	20	p	y	252
32	39	(	A	251
38	3	E	a	249
12	23	d	v	248
25	14	-	f	248
38	29	E	x	248
20	31	y	)	245
59	5	L	i	245
20	8	y	r	244
32	4	(	o	244
56	4	—	o	244
58	1	P	e	242
9	10	h	l	241
26	15	2	m	241
2	44	t	z	238
3	26	a	2	238
13	4	u	o	238
27	49	I	'	237
41	26	5	2	237
39	11	A	c	235
22	22	b	b	234
10	49	l	'	233
12	6	d	n	232
43	17	S	p	232
39	19	A	.	231
38	60	E	R	230
63	26	|	2	230
30	38	T	E	227
61	17	“	p	227
27	55	I	N	222
8	16	r	w	221
49	10	'	l	221
45	34	6	0	218
56	22	—	b	217
2	62	t	”	216
36	52	4	7	216
47	34	8	0	215
32	38	(	E	213
36	50	4	9	213
39	21	A	,	212
60	3	R	a	212
12	31	d	)	211
38	6	E	n	211
38	23	E	v	211
15	14	m	f	209
46	5	−	i	209
51	21	B	,	209
57	8	/	r	209
41	24	5	1	208
12	25	d	-	207
34	24	0	1	207
22	21	b	,	206
54	10	C	l	206
61	2	“	t	206
30	27	T	I	204
13	14	u	f	203
27	21	I	,	202
10	18	l	g	201
53	4	j	o	201
6	62	n	”	200
32	41	(	5	199
10	17	l	p	198
56	0	—	U+0020	196
5	19	i	.	192
12	62	d	”	192
36	45	4	6	192
32	50	(	9	191
28	3	k	a	190
34	46	0	−	190
55	3	N	a	190
60	4	R	o	190
32	27	(	I	187
44	31	z	)	187
9	15	h	m	186
25	4	-	o	186
14	19	f	.	185
14	32	f	(	185
23	21	v	,	185
14	25	f	-	183
38	26	E	2	183
25	25	-	-	181
2	15	t	m	178
38	19	E	.	178
42	3	W	a	178
44	5	z	i	176
34	26	0	2	175
4	20	o	y	174
25	1	-	e	174
32	52	(	7	174
35	1	q	e	172
57	33	/	3	172
59	38	L	E	172
15	23	m	v	171
32	1	(	e	171
61	14	“	f	171
6	26	n	2	170
7	49	s	'	169
39	60	A	R	168
57	28	/	k	168
49	8	'	r	167
6	44	n	z	166
32	42	(	W	166
44	26	z	2	166
44	21	z	,	165
51	8	B	r	165
20	26	y	2	164
22	19	b	.	164
32	6	(	n	163
54	30	C	T	163
8	24	r	1	162
28	29	k	x	162
54	24	C	1	161
0	56	U+0020	—	160
25	8	-	r	160
39	14	A	f	160
7	25	s	-	159
61	3	“	a	159
39	30	A	T	158
10	62	l	”	157
12	26	d	2	157
38	54	E	C	157
40	29	F	x	157
18	15	g	m	156
51	3	B	a	156
61	12	“	d	156
61	8	“	r	155
0	49	U+0020	'	154
10	56	l	—	154
38	27	E	I	154
15	56	m	—	153
30	19	T	.	153
57	36	/	4	153
13	49	u	'	152
32	14	(	f	152
38	55	E	N	152
9	49	h	'	151
21	34	,	0	150
20	62	y	”	149
23	19	v	.	149
29	57	x	/	149
45	33	6	3	149
30	8	T	r	148
1	26	e	2	147
30	24	T	1	147
58	24	P	1	147
40	27	F	I	146
28	20	k	y	145
61	13	“	u	145
32	43	(	S	144
27	30	I	T	143
58	19	P	.	143
61	10	“	l	143
4	9	o	h	142
51	31	B	)	142
50	26	9	2	141
10	25	l	-	140
27	7	I	s	140
43	3	S	a	140
56	14	—	f	139
3	1	a	e	138
26	32	2	(	138
27	19	I	.	138
30	26	T	2	138
50	41	9	5	138
22	23	b	v	137
50	47	9	8	137
38	20	E	y	136
54	26	C	2	136
54	46	C	−	136
61	15	“	m	136
39	15	A	m	134
8	49	r	'	133
6	16	n	w	132
15	6	m	n	132
17	25	p	-	132
20	18	y	g	132
26	39	2	A	132
28	26	k	2	132
34	41	0	5	132
35	7	q	s	132
48	43	+	S	132
54	13	C	u	132
5	5	i	i	131
28	10	k	l	131
50	24	9	1	131
54	48	C	+	131
9	25	h	-	130
19	1	.	e	130
19	23	.	v	130
27	26	I	2	130
31	56	)	—	130
29	6	x	n	129
39	31	A	)	129
2	6	t	n	128
8	62	r	”	128
15	26	m	2	128
19	2	.	t	128
35	26	q	2	128
45	26	6	2	128
8	57	r	/	127
30	1	T	e	126
31	57	)	/	126
32	34	(	0	126
39	26	A	2	126
39	59	A	L	126
53	5	j	i	126
54	5	C	i	126
17	16	p	w	124
46	26	−	2	124
60	5	R	i	124
32	46	(	−	123
30	60	T	R	122
32	17	(	p	122
46	32	−	(	122
18	56	g	—	121
25	10	-	l	121
30	16	T	w	121
30	21	T	,	121
55	38	N	E	121
58	10	P	l	121
9	22	h	b	120
21	23	,	v	120
23	29	v	x	120
25	5	-	i	120
46	34	−	0	120
61	22	“	b	120
1	28	e	k	119
4	53	o	j	119
17	15	p	m	119
49	23	'	v	119
19	32	.	(	118
20	49	y	'	118
54	19	C	.	118
23	20	v	y	117
45	36	6	4	117
47	47	8	8	117
58	32	P	(	117
59	27	L	I	117
12	53	d	j	116
29	24	x	1	116
15	25	m	-	115
32	13	(	u	115
39	55	A	N	115
61	1	“	e	115
5	57	i	/	114
17	62	p	”	113
38	43	E	S	112
2	24	t	1	111
27	24	I	1	111
39	29	A	x	111
60	27	R	I	111
3	44	a	z	110
32	0	(	U+0020	110
43	20	S	y	110
61	30	“	T	110
3	53	a	j	109
13	26	u	2	109
18	25	g	-	109
38	24	E	1	109
51	44	B	z	109
5	21	i	,	108
38	30	E	T	108
39	54	A	C	108
56	1	—	e	108
32	15	(	m	107
43	30	S	T	107
54	38	C	E	107
60	39	R	A	107
40	10	F	l	106
40	20	F	y	106
49	15	'	m	106
61	16	“	w	106
2	57	t	/	105
20	20	y	y	105
61	42	“	W	105
6	8	n	r	104
50	36	9	4	104
61	5	“	i	104
2	14	t	f	103
31	32	)	(	103
38	59	E	L	103
47	50	8	9	103
15	10	m	l	102
27	54	I	C	102
34	47	0	8	102
47	41	8	5	102
15	34	m	0	101
20	22	y	b	101
25	22	-	b	101
44	19	z	.	101
32	51	(	B	100
3	24	a	1	99
25	16	-	w	99
28	16	k	w	99
30	31	T	)	99
34	45	0	6	99
41	45	5	6	99
51	29	B	x	99
6	9	n	h	98
55	30	N	T	98
56	6	—	n	98
43	19	S	.	97
54	29	C	x	97
58	21	P	,	97
62	56	”	—	97
53	3	j	a	96
62	31	”	)	96
8	33	r	3	95
45	24	6	1	95
47	45	8	6	95
57	7	/	s	95
28	18	k	g	94
30	5	T	i	94
32	48	(	+	94
39	18	A	g	94
41	36	5	4	94
50	52	9	7	94
2	23	t	v	93
32	10	(	l	93
33	57	3	/	93
55	13	N	u	93
5	32	i	(	92
7	23	s	v	92
7	26	s	2	92
15	32	m	(	92
38	12	E	d	92
45	41	6	5	92
11	15	c	m	91
27	15	I	m	91
57	15	/	m	91
60	19	R	.	91
6	22	n	b	90
30	39	T	A	90
39	8	A	r	90
39	44	A	z	90
6	17	n	p	89
50	50	9	9	89
52	34	7	0	89
26	29	2	x	88
32	54	(	C	88
34	36	0	4	88
17	32	p	(	87
28	22	k	b	87
32	23	(	v	87
38	21	E	,	87
40	13	F	u	87
47	24	8	1	87
15	31	m	)	86
23	57	v	/	86
34	50	0	9	86
43	31	S	)	86
47	36	8	4	86
39	12	A	d	85
55	43	N	S	85
53	21	j	,	83
54	27	C	I	83
27	43	I	S	82
43	27	S	I	82
44	24	z	1	82
44	44	z	z	82
52	52	7	7	82
59	39	L	A	82
61	27	“	I	82
41	52	5	7	81
43	9	S	h	80
47	26	8	2	80
56	11	—	c	80
3	9	a	h	79
3	32	a	(	79
12	43	d	S	79
34	52	0	7	79
39	24	A	1	79
40	3	F	a	79
47	52	8	7	79
50	33	9	3	79
54	21	C	,	79
61	6	“	n	79
61	9	“	h	79
7	8	s	r	78
13	21	u	,	78
22	26	b	2	78
41	41	5	5	78
51	5	B	i	78
54	32	C	(	78
56	10	—	l	78
2	46	t	−	77
12	15	d	m	77
23	2	v	t	77
41	47	5	8	77
48	44	+	z	77
58	26	P	2	77
17	26	p	2	76
18	62	g	”	76
20	29	y	x	76
23	31	v	)	76
59	19	L	.	76
60	26	R	2	76
15	57	m	/	75
44	20	z	y	75
45	52	6	7	75
10	31	l	)	74
32	53	(	j	73
38	32	E	(	73
41	50	5	9	73
17	29	p	x	72
39	20	A	y	72
42	19	W	.	72
51	26	B	2	72
61	4	“	o	72
9	16	h	w	71
9	26	h	2	71
13	20	u	y	71
27	38	I	E	71
43	26	S	2	71
46	33	−	3	71
57	24	/	1	71
9	56	h	—	70
45	47	6	8	70
47	33	8	3	70
52	33	7	3	70
56	15	—	m	70
10	6	l	n	69
26	2	2	t	69
40	19	F	.	69
56	17	—	p	69
57	3	/	a	69
60	30	R	T	69
6	24	n	1	68
6	53	n	j	68
39	17	A	p	68
39	51	A	B	68
52	41	7	5	68
55	39	N	A	68
5	9	i	h	67
12	17	d	p	67
12	54	d	C	67
52	47	7	8	67
4	56	o	—	66
13	13	u	u	66
25	21	-	,	66
40	44	F	z	66
54	1	C	e	66
27	59	I	L	65
34	33	0	3	65
43	21	S	,	65
4	31	o	)	64
30	57	T	/	64
41	33	5	3	64
52	50	7	9	64
2	17	t	p	63
9	31	h	)	63
18	31	g	)	63
31	2	)	t	63
43	24	S	1	63
45	45	6	6	63
46	28	−	k	63
52	24	7	1	63
57	60	/	R	63
26	3	2	a	62
44	57	z	/	62
45	32	6	(	62
58	13	P	u	62
60	20	R	y	62
16	25	w	-	61
17	31	p	)	61
26	11	2	c	61
52	26	7	2	61
58	60	P	R	61
59	59	L	L	61
61	18	“	g	61
4	49	o	'	60
38	7	E	s	60
42	4	W	o	60
16	56	w	—	59
23	24	v	1	59
45	50	6	9	59
56	9	—	h	59
58	29	P	x	59
60	13	R	u	59
13	44	u	z	58
38	44	E	z	58
39	22	A	b	58
11	57	c	/	57
28	31	k	)	57
29	49	x	'	57
44	15	z	m	57
49	12	'	d	57
12	22	d	b	56
23	32	v	(	56
27	32	I	(	56
32	28	(	k	56
32	44	(	z	56
32	60	(	R	56
48	30	+	T	56
54	31	C	)	56
13	19	u	.	55
19	38	.	E	55
25	6	-	n	55
54	39	C	A	55
55	27	N	I	55
43	43	S	S	54
46	35	−	q	54
59	26	L	2	54
1	48	e	+	53
15	9	m	h	53
35	24	q	1	53
43	29	S	x	53
46	39	−	A	53
51	24	B	1	53
56	13	—	u	53
63	3	|	a	53
12	11	d	c	52
24	32	1	(	52
31	1	)	e	52
34	30	0	T	52
38	39	E	A	52
43	38	S	E	52
51	57	B	/	52
54	8	C	r	52
1	44	e	z	51
19	10	.	l	51
28	49	k	'	51
29	34	x	0	51
32	9	(	h	51
38	31	E	)	51
44	10	z	l	51
46	29	−	x	51
58	38	P	E	51
3	33	a	3	50
6	48	n	+	50
15	18	m	g	50
22	49	b	'	50
28	44	k	z	50
38	2	E	t	50
40	32	F	(	50
46	30	−	T	50
52	36	7	4	50
57	30	/	T	50
6	34	n	0	49
26	38	2	E	49
27	31	I	)	49
38	13	E	u	49
46	44	−	z	49
58	59	P	L	49
60	21	R	,	49
17	34	p	0	48
38	57	E	/	48
52	45	7	6	48
32	55	(	N	47
35	57	q	/	47
39	32	A	(	47
60	44	R	z	47
3	3	a	a	46
8	44	r	z	46
13	23	u	v	46
16	17	w	p	46
25	18	-	g	46
28	4	k	o	46
35	23	q	v	46
43	58	S	P	46
48	29	+	x	46
54	6	C	n	46
58	5	P	i	46
5	25	i	-	45
6	46	n	−	45
7	57	s	/	45
27	60	I	R	45
28	24	k	1	45
29	23	x	v	45
29	32	x	(	45
32	59	(	L	45
46	43	−	S	45
57	32	/	(	45
23	49	v	'	44
51	38	B	E	44
9	57	h	/	43
22	29	b	x	43
32	18	(	g	43
40	59	F	L	43
42	39	W	A	43
44	34	z	0	43
53	19	j	.	43
59	21	L	,	43
12	44	d	z	42
15	11	m	c	42
15	24	m	1	42
20	3	y	a	42
20	57	y	/	42
38	8	E	r	42
38	15	E	m	42
44	7	z	s	42
46	15	−	m	42
55	54	N	C	42
56	20	—	y	42
57	59	/	L	42
59	57	L	/	42
1	53	e	j	41
2	22	t	b	41
9	24	h	1	41
15	62	m	”	41
16	62	w	”	41
26	8	2	r	41
34	43	0	S	41
48	5	+	i	41
10	22	l	b	40
23	44	v	z	40
26	28	2	k	40
35	32	q	(	40
36	57	4	/	40
42	57	W	/	40
43	6	S	n	40
49	11	'	c	40
54	20	C	y	40
58	20	P	y	40
58	27	P	I	40
9	62	h	”	39
16	16	w	w	39
18	17	g	p	39
24	2	1	t	39
33	32	3	(	39
37	24	=	1	39
2	33	t	3	38
21	15	,	m	38
26	6	2	n	38
38	17	E	p	38
57	6	/	n	38
58	34	P	0	38
59	32	L	(	38
11	35	c	q	37
39	43	A	S	37
46	54	−	C	37
51	39	B	A	37
55	19	N	.	37
61	23	“	v	37
61	43	“	S	37
9	17	h	p	36
12	42	d	W	36
25	42	-	W	36
31	38	)	E	36
32	61	(	“	36
46	53	−	j	36
52	32	7	(	36
53	22	j	b	36
58	39	P	A	36
2	34	t	0	35
3	4	a	o	35
5	31	i	)	35
22	57	b	/	35
25	20	-	y	35
26	56	2	—	35
36	32	4	(	35
39	3	A	a	35
41	32	5	(	35
43	25	S	-	35
46	38	−	E	35
55	6	N	n	35
55	34	N	0	35
56	12	—	d	35
60	54	R	C	35
3	34	a	0	34
5	43	i	S	34
11	62	c	”	34
23	17	v	p	34
26	22	2	b	34
26	63	2	|	34
29	44	x	z	34
30	11	T	c	34
30	36	T	4	34
30	43	T	S	34
38	38	E	E	34
40	60	F	R	34
43	54	S	C	34
49	31	'	)	34
58	14	P	f	34
59	58	L	P	34
3	25	a	-	33
14	31	f	)	33
17	57	p	/	33
18	32	g	(	33
23	34	v	0	33
27	4	I	o	33
28	62	k	”	33
31	63	)	|	33
44	29	z	x	33
47	29	8	x	33
53	30	j	T	33
54	59	C	L	33
58	7	P	s	33
6	32	n	(	32
7	22	s	b	32
12	57	d	/	32
17	56	p	—	32
26	17	2	p	32
26	30	2	T	32
26	53	2	j	32
27	39	I	A	32
34	7	0	s	32
44	49	z	'	32
55	5	N	i	32
55	21	N	,	32
4	44	o	z	31
16	31	w	)	31
18	49	g	'	31
21	3	,	a	31
21	17	,	p	31
23	51	v	B	31
26	51	2	B	31
28	56	k	—	31
34	5	0	i	31
39	1	A	e	31
39	27	A	I	31
46	47	−	8	31
55	17	N	p	31
55	32	N	(	31
59	34	L	0	31
61	51	“	B	31
3	35	a	q	30
8	34	r	0	30
12	32	d	(	30
13	31	u	)	30
14	16	f	w	30
14	49	f	'	30
21	13	,	u	30
21	39	,	A	30
25	34	-	0	30
26	9	2	h	30
32	58	(	P	30
34	2	0	t	30
38	14	E	f	30
38	25	E	-	30
38	40	E	F	30
39	57	A	/	30
40	2	F	t	30
49	39	'	A	30
53	32	j	(	30
56	53	—	j	30
60	32	R	(	30
2	18	t	g	29
12	27	d	I	29
19	49	.	'	29
21	6	,	n	29
26	23	2	v	29
29	4	x	o	29
29	9	x	h	29
30	30	T	T	29
32	20	(	y	29
46	1	−	e	29
46	23	−	v	29
48	26	+	2	29
48	34	+	0	29
57	22	/	b	29
63	22	|	b	29
20	24	y	1	28
23	12	v	d	28
26	13	2	u	28
27	8	I	r	28
27	34	I	0	28
29	56	x	—	28
37	34	=	0	28
40	21	F	,	28
40	39	F	A	28
42	21	W	,	28
56	27	—	I	28
56	56	—	—	28
57	54	/	C	28
61	44	“	z	28
61	59	“	L	28
6	27	n	I	27
11	56	c	—	27
14	7	f	s	27
22	11	b	c	27
28	9	k	h	27
29	10	x	l	27
31	30	)	T	27
31	54	)	C	27
39	23	A	v	27
43	15	S	m	27
44	32	z	(	27
60	43	R	S	27
61	39	“	A	27
61	55	“	N	27
61	58	“	P	27
1	42	e	W	26
11	33	c	3	26
12	16	d	w	26
15	33	m	3	26
17	22	p	b	26
22	44	b	z	26
26	7	2	s	26
26	10	2	l	26
27	10	I	l	26
32	35	(	q	26
32	63	(	|	26
35	21	q	,	26
36	2	4	t	26
46	36	−	4	26
48	33	+	3	26
51	56	B	—	26
52	8	7	r	26
55	26	N	2	26
55	35	N	q	26
57	55	/	N	26
3	56	a	—	25
3	63	a	|	25
7	24	s	1	25
9	9	h	h	25
22	15	b	m	25
23	8	v	r	25
25	43	-	S	25
25	49	-	'	25
29	15	x	m	25
29	33	x	3	25
31	49	)	'	25
31	51	)	B	25
35	38	q	E	25
42	8	W	r	25
44	33	z	3	25
51	27	B	I	25
51	32	B	(	25
53	28	j	k	25
59	24	L	1	25
60	40	R	F	25
5	49	i	'	24
22	12	b	d	24
22	63	b	|	24
25	13	-	u	24
25	44	-	z	24
26	1	2	e	24
26	54	2	C	24
27	22	I	b	24
28	25	k	-	24
40	38	F	E	24
1	32	e	(	23
10	26	l	2	23
17	11	p	c	23
31	24	)	1	23
32	25	(	-	23
36	39	4	A	23
40	26	F	2	23
46	20	−	y	23
48	39	+	A	23
49	27	'	I	23
51	34	B	0	23
51	54	B	C	23
54	49	C	'	23
57	41	/	5	23
58	57	P	/	23
5	20	i	y	22
5	38	i	E	22
10	57	l	/	22
11	49	c	'	22
12	9	d	h	22
12	49	d	'	22
19	57	.	/	22
23	22	v	b	22
26	5	2	i	22
26	20	2	y	22
26	35	2	q	22
26	60	2	R	22
27	40	I	F	22
28	32	k	(	22
29	41	x	5	22
34	32	0	(	22
38	33	E	3	22
39	5	A	i	22
40	30	F	T	22
46	41	−	5	22
53	29	j	x	22
56	8	—	r	22
59	25	L	-	22
3	54	a	C	21
13	28	u	k	21
15	49	m	'	21
17	24	p	1	21
19	59	.	L	21
24	56	1	—	21
25	39	-	A	21
25	51	-	B	21
26	12	2	d	21
26	59	2	L	21
27	5	I	i	21
27	12	I	d	21
29	48	x	+	21
31	3	)	a	21
33	39	3	A	21
35	39	q	A	21
39	49	A	'	21
46	40	−	F	21
51	10	B	l	21
55	28	N	k	21
60	31	R	)	21
60	60	R	R	21
3	30	a	T	20
3	49	a	'	20
11	25	c	-	20
12	38	d	E	20
17	44	p	z	20
18	14	g	f	20
20	40	y	F	20
21	26	,	2	20
27	51	I	B	20
29	40	x	F	20
29	46	x	−	20
30	25	T	-	20
30	58	T	P	20
38	42	E	W	20
39	40	A	F	20
40	57	F	/	20
41	2	5	t	20
54	34	C	0	20
54	53	C	j	20
55	24	N	1	20
55	46	N	−	20
57	25	/	-	20
61	35	“	q	20
63	14	|	f	20
63	54	|	C	20
1	24	e	1	19
5	51	i	B	19
7	12	s	d	19
9	35	h	q	19
12	51	d	B	19
25	48	-	+	19
27	57	I	/	19
27	58	I	P	19
34	48	0	+	19
34	56	0	—	19
39	56	A	—	19
39	58	A	P	19
40	34	F	0	19
43	51	S	B	19
46	17	−	p	19
47	32	8	(	19
49	21	'	,	19
51	2	B	t	19
51	25	B	-	19
54	33	C	3	19
55	57	N	/	19
1	36	e	4	18
2	29	t	x	18
4	62	o	”	18
11	32	c	(	18
12	58	d	P	18
14	56	f	—	18
15	28	m	k	18
23	39	v	A	18
25	54	-	C	18
30	10	T	l	18
30	33	T	3	18
31	29	)	x	18
31	31	)	)	18
34	51	0	B	18
38	22	E	b	18
38	58	E	P	18
39	9	A	h	18
40	6	F	n	18
42	24	W	1	18
42	27	W	I	18
45	2	6	t	18
46	3	−	a	18
46	11	−	c	18
53	20	j	y	18
56	18	—	g	18
57	39	/	A	18
57	47	/	8	18
58	31	P	)	18
59	23	L	v	18
60	24	R	1	18
3	62	a	”	17
11	17	c	p	17
12	30	d	T	17
13	24	u	1	17
15	51	m	B	17
16	12	w	d	17
19	14	.	f	17
19	18	.	g	17
19	27	.	I	17
23	25	v	-	17
25	31	-	)	17
29	53	x	j	17
29	62	x	”	17
31	20	)	y	17
35	5	q	i	17
39	13	A	u	17
43	39	S	A	17
46	42	−	W	17
46	52	−	7	17
51	55	B	N	17
53	44	j	z	17
60	51	R	B	17
60	57	R	/	17
63	19	|	.	17
2	32	t	(	16
3	36	a	4	16
3	57	a	/	16
15	8	m	r	16
15	39	m	A	16
26	18	2	g	16
26	49	2	'	16
28	8	k	r	16
28	57	k	/	16
30	17	T	p	16
30	20	T	y	16
40	24	F	1	16
40	31	F	)	16
46	2	−	t	16
46	8	−	r	16
49	43	'	S	16
50	17	9	p	16
50	32	9	(	16
54	43	C	S	16
55	15	N	m	16
56	23	—	v	16
57	23	/	v	16
57	45	/	6	16
58	58	P	P	16
59	44	L	z	16
59	54	L	C	16
0	62	U+0020	”	15
1	60	e	R	15
5	39	i	A	15
12	28	d	k	15
19	5	.	i	15
19	15	.	m	15
23	18	v	g	15
27	3	I	a	15
27	11	I	c	15
28	11	k	c	15
30	42	T	W	15
31	33	)	3	15
33	3	3	a	15
33	12	3	d	15
36	29	4	x	15
40	50	F	9	15
48	53	+	j	15
49	14	'	f	15
49	30	'	T	15
53	31	j	)	15
58	44	P	z	15
61	28	“	k	15
63	9	|	h	15
1	51	e	B	14
2	37	t	=	14
5	26	i	2	14
6	29	n	x	14
6	57	n	/	14
10	24	l	1	14
11	36	c	4	14
13	25	u	-	14
22	6	b	n	14
22	62	b	”	14
24	7	1	s	14
24	48	1	+	14
25	35	-	q	14
25	58	-	P	14
28	37	k	=	14
29	36	x	4	14
30	13	T	u	14
31	6	)	n	14
31	60	)	R	14
38	11	E	c	14
42	49	W	'	14
46	12	−	d	14
46	22	−	b	14
46	31	−	)	14
48	31	+	)	14
57	5	/	i	14
60	55	R	N	14
10	32	l	(	13
11	14	c	f	13
12	36	d	4	13
14	6	f	n	13
15	53	m	j	13
17	48	p	+	13
18	57	g	/	13
19	9	.	h	13
21	2	,	t	13
21	10	,	l	13
21	41	,	5	13
25	27	-	I	13
25	29	-	x	13
26	14	2	f	13
26	44	2	z	13
28	2	k	t	13
28	53	k	j	13
30	32	T	(	13
31	44	)	z	13
33	8	3	r	13
33	13	3	u	13
33	30	3	T	13
34	49	0	'	13
37	46	=	−	13
38	18	E	g	13
39	37	A	=	13
40	33	F	3	13
43	10	S	l	13
48	21	+	,	13
48	35	+	q	13
54	52	C	7	13
54	54	C	C	13
55	25	N	-	13
58	6	P	n	13
62	21	”	,	13
63	38	|	E	13
2	39	t	A	12
2	48	t	+	12
8	32	r	(	12
11	46	c	−	12
12	14	d	f	12
14	18	f	g	12
15	29	m	x	12
16	26	w	2	12
19	13	.	u	12
20	32	y	(	12
21	19	,	.	12
21	24	,	1	12
21	27	,	I	12
21	36	,	4	12
21	51	,	B	12
22	24	b	1	12
23	53	v	j	12
23	54	v	C	12
24	15	1	m	12
25	30	-	T	12
25	38	-	E	12
25	60	-	R	12
26	48	2	+	12
27	33	I	3	12
28	12	k	d	12
28	48	k	+	12
29	58	x	P	12
31	23	)	v	12
36	7	4	s	12
36	15	4	m	12
36	22	4	b	12
38	4	E	o	12
38	46	E	−	12
38	48	E	+	12
38	49	E	'	12
43	33	S	3	12
43	44	S	z	12
46	45	−	6	12
46	59	−	L	12
50	3	9	a	12
53	11	j	c	12
57	10	/	l	12
57	14	/	f	12
57	51	/	B	12
59	49	L	'	12
60	33	R	3	12
60	53	R	j	12
61	20	“	y	12
5	62	i	”	11
7	32	s	(	11
8	51	r	B	11
10	53	l	j	11
10	59	l	L	11
12	39	d	A	11
14	57	f	/	11
17	14	p	f	11
19	43	.	S	11
21	33	,	3	11
21	47	,	8	11
22	25	b	-	11
24	46	1	−	11
25	28	-	k	11
26	27	2	I	11
26	46	2	−	11
28	13	k	u	11
31	8	)	r	11
31	25	)	-	11
31	39	)	A	11
31	46	)	−	11
33	56	3	—	11
34	57	0	/	11
36	3	4	a	11
38	9	E	h	11
39	34	A	0	11
39	39	A	A	11
42	38	W	E	11
44	36	z	4	11
44	56	z	—	11
46	6	−	n	11
46	58	−	P	11
47	9	8	h	11
51	6	B	n	11
51	23	B	v	11
51	37	B	=	11
54	36	C	4	11
57	16	/	w	11
57	35	/	q	11
57	50	/	9	11
59	30	L	T	11
61	29	“	x	11
61	60	“	R	11
2	12	t	d	10
8	36	r	4	10
8	37	r	=	10
9	29	h	x	10
9	58	h	P	10
11	38	c	E	10
11	54	c	C	10
12	59	d	L	10
15	12	m	d	10
15	16	m	w	10
15	46	m	−	10
17	49	p	'	10
19	11	.	c	10
19	25	.	-	10
19	54	.	C	10
21	21	,	,	10
21	25	,	-	10
21	49	,	'	10
23	60	v	R	10
24	8	1	r	10
24	29	1	x	10
25	40	-	F	10
26	40	2	F	10
26	58	2	P	10
26	62	2	”	10
28	15	k	m	10
28	46	k	−	10
29	8	x	r	10
31	18	)	g	10
32	31	(	)	10
33	11	3	c	10
34	60	0	R	10
35	6	q	n	10
36	17	4	p	10
38	16	E	w	10
39	25	A	-	10
40	40	F	F	10
43	32	S	(	10
43	37	S	=	10
44	40	z	F	10
44	62	z	”	10
45	3	6	a	10
46	50	−	9	10
47	15	8	m	10
47	18	8	g	10
48	22	+	b	10
48	32	+	(	10
51	15	B	m	10
51	33	B	3	10
51	59	B	L	10
51	63	B	|	10
53	49	j	'	10
54	7	C	s	10
54	15	C	m	10
55	20	N	y	10
56	24	—	1	10
59	20	L	y	10
59	29	L	x	10
61	24	“	1	10
61	38	“	E	10
61	40	“	F	10
63	21	|	,	10
3	46	a	−	9
6	39	n	A	9
6	60	n	R	9
8	48	r	+	9
8	53	r	j	9
11	51	c	B	9
12	35	d	q	9
12	40	d	F	9
17	23	p	v	9
18	39	g	A	9
18	58	g	P	9
19	30	.	T	9
23	13	v	u	9
24	62	1	”	9
25	55	-	N	9
25	59	-	L	9
27	29	I	x	9
29	22	x	b	9
30	34	T	0	9
30	56	T	—	9
31	11	)	c	9
31	28	)	k	9
33	23	3	v	9
35	12	q	d	9
35	31	q	)	9
35	53	q	j	9
37	37	=	=	9
39	48	A	+	9
41	3	5	a	9
41	11	5	c	9
41	56	5	—	9
42	17	W	p	9
42	26	W	2	9
43	22	S	b	9
44	11	z	c	9
44	12	z	d	9
45	56	6	—	9
46	18	−	g	9
47	39	8	A	9
47	56	8	—	9
48	1	+	e	9
48	17	+	p	9
49	49	'	'	9
49	57	'	/	9
50	2	9	t	9
53	17	j	p	9
56	35	—	q	9
57	4	/	o	9
58	17	P	p	9
59	31	L	)	9
59	43	L	S	9
60	34	R	0	9
62	19	”	.	9
3	48	a	+	8
5	58	i	P	8
6	33	n	3	8
6	37	n	=	8
7	37	s	=	8
9	44	h	z	8
10	9	l	h	8
10	27	l	I	8
11	12	c	d	8
13	57	u	/	8
14	23	f	v	8
14	26	f	2	8
14	33	f	3	8
14	62	f	”	8
18	27	g	I	8
19	29	.	x	8
19	56	.	—	8
21	45	,	6	8
22	33	b	3	8
22	56	b	—	8
23	38	v	E	8
24	23	1	v	8
24	49	1	'	8
25	32	-	(	8
27	1	I	e	8
27	28	I	k	8
30	49	T	'	8
30	62	T	”	8
31	7	)	s	8
33	9	3	h	8
33	22	3	b	8
33	29	3	x	8
36	11	4	c	8
36	56	4	—	8
38	51	E	B	8
39	33	A	3	8
43	28	S	k	8
43	34	S	0	8
43	42	S	W	8
43	62	S	”	8
44	41	z	5	8
48	20	+	y	8
49	9	'	h	8
49	17	'	p	8
49	19	'	.	8
49	26	'	2	8
49	32	'	(	8
51	43	B	S	8
51	58	B	P	8
52	2	7	t	8
52	3	7	a	8
53	15	j	m	8
54	57	C	/	8
55	59	N	L	8
56	38	—	E	8
57	2	/	t	8
58	30	P	T	8
59	12	L	d	8
1	57	e	/	7
3	52	a	7	7
4	57	o	/	7
8	41	r	5	7
8	45	r	6	7
9	36	h	4	7
10	39	l	A	7
11	23	c	v	7
13	32	u	(	7
17	6	p	n	7
17	12	p	d	7
17	33	p	3	7
18	26	g	2	7
18	30	g	T	7
18	44	g	z	7
20	53	y	j	7
21	20	,	y	7
21	30	,	T	7
23	7	v	s	7
23	16	v	w	7
23	40	v	F	7
24	37	1	=	7
27	18	I	g	7
27	23	I	v	7
27	36	I	4	7
27	44	I	z	7
27	53	I	j	7
27	56	I	—	7
28	34	k	0	7
29	13	x	u	7
29	45	x	6	7
31	40	)	F	7
31	48	)	+	7
32	32	(	(	7
32	37	(	=	7
33	17	3	p	7
34	11	0	c	7
35	51	q	B	7
36	49	4	'	7
38	53	E	j	7
39	36	A	4	7
41	22	5	b	7
43	56	S	—	7
44	53	z	j	7
46	51	−	B	7
48	18	+	g	7
48	23	+	v	7
48	47	+	8	7
48	59	+	L	7
49	24	'	1	7
51	16	B	w	7
53	10	j	l	7
53	56	j	—	7
54	44	C	z	7
54	60	C	R	7
55	55	N	N	7
56	28	—	k	7
56	30	—	T	7
57	1	/	e	7
57	44	/	z	7
57	52	/	7	7
58	2	P	t	7
58	43	P	S	7
58	55	P	N	7
59	13	L	u	7
59	17	L	p	7
60	56	R	—	7
62	25	”	-	7
63	51	|	B	7
3	59	a	L	6
5	37	i	=	6
6	35	n	q	6
8	29	r	x	6
8	39	r	A	6
9	14	h	f	6
9	32	h	(	6
10	48	l	+	6
11	58	c	P	6
12	33	d	3	6
13	9	u	h	6
13	56	u	—	6
13	58	u	P	6
14	28	f	k	6
15	2	m	t	6
16	14	w	f	6
17	58	p	P	6
18	29	g	x	6
21	29	,	x	6
21	31	,	)	6
21	44	,	z	6
21	53	,	j	6
21	57	,	/	6
22	32	b	(	6
24	3	1	a	6
24	10	1	l	6
24	58	1	P	6
29	14	x	f	6
30	6	T	n	6
31	35	)	q	6
33	28	3	k	6
33	44	3	z	6
38	1	E	e	6
38	56	E	—	6
39	38	A	E	6
40	22	F	b	6
41	5	5	i	6
41	57	5	/	6
42	32	W	(	6
43	59	S	L	6
44	6	z	n	6
44	13	z	u	6
44	45	z	6	6
45	5	6	i	6
45	11	6	c	6
45	22	6	b	6
46	21	−	,	6
46	55	−	N	6
48	15	+	m	6
48	28	+	k	6
48	48	+	+	6
48	60	+	R	6
49	58	'	P	6
50	4	9	o	6
51	36	B	4	6
51	49	B	'	6
51	51	B	B	6
51	60	B	R	6
52	57	7	/	6
53	2	j	t	6
53	37	j	=	6
54	2	C	t	6
54	28	C	k	6
54	55	C	N	6
55	12	N	d	6
55	18	N	g	6
55	31	N	)	6
56	26	—	2	6
56	32	—	(	6
56	39	—	A	6
56	43	—	S	6
56	61	—	“	6
57	17	/	p	6
58	23	P	v	6
60	36	R	4	6
60	49	R	'	6
60	58	R	P	6
61	53	“	j	6
61	54	“	C	6
1	58	e	P	5
3	58	a	P	5
4	30	o	T	5
5	16	i	w	5
5	40	i	F	5
8	46	r	−	5
8	52	r	7	5
9	30	h	T	5
11	16	c	w	5
11	24	c	1	5
12	55	d	N	5
13	53	u	j	5
14	29	f	x	5
14	34	f	0	5
15	54	m	C	5
16	28	w	k	5
16	49	w	'	5
18	12	g	d	5
18	23	g	v	5
18	24	g	1	5
19	3	.	a	5
19	8	.	r	5
20	9	y	h	5
21	32	,	(	5
22	54	b	C	5
23	30	v	T	5
23	37	v	=	5
24	53	1	j	5
25	19	-	.	5
27	20	I	y	5
27	48	I	+	5
28	28	k	k	5
28	59	k	L	5
29	12	x	d	5
30	29	T	x	5
30	45	T	6	5
30	55	T	N	5
31	5	)	i	5
31	17	)	p	5
32	19	(	.	5
33	15	3	m	5
33	54	3	C	5
33	58	3	P	5
33	60	3	R	5
35	17	q	p	5
36	30	4	T	5
37	25	=	-	5
39	28	A	k	5
40	42	F	W	5
42	25	W	-	5
42	33	W	3	5
42	34	W	0	5
43	35	S	q	5
43	36	S	4	5
44	17	z	p	5
46	10	−	l	5
46	14	−	f	5
46	27	−	I	5
47	2	8	t	5
47	57	8	/	5
48	8	+	r	5
48	10	+	l	5
48	19	+	.	5
48	36	+	4	5
49	5	'	i	5
49	16	'	w	5
50	49	9	'	5
52	22	7	b	5
53	57	j	/	5
54	40	C	F	5
55	48	N	+	5
56	40	—	F	5
56	58	—	P	5
56	60	—	R	5
57	29	/	x	5
57	58	/	P	5
58	18	P	g	5
58	22	P	b	5
58	25	P	-	5
58	33	P	3	5
58	36	P	4	5
58	52	P	7	5
60	8	R	r	5
1	30	e	T	4
1	40	e	F	4
2	59	t	L	4
3	41	a	5	4
4	43	o	S	4
5	56	i	—	4
6	51	n	B	4
6	63	n	|	4
7	33	s	3	4
7	34	s	0	4
8	40	r	F	4
8	63	r	|	4
9	40	h	F	4
9	54	h	C	4
10	29	l	x	4
10	33	l	3	4
10	35	l	q	4
14	11	f	c	4
14	17	f	p	4
15	48	m	+	4
15	60	m	R	4
16	51	w	B	4
16	57	w	/	4
16	59	w	L	4
16	63	w	|	4
18	22	g	b	4
18	51	g	B	4
19	39	.	A	4
20	37	y	=	4
21	8	,	r	4
21	22	,	b	4
21	54	,	C	4
22	52	b	7	4
23	23	v	v	4
24	22	1	b	4
24	63	1	|	4
28	27	k	I	4
29	50	x	9	4
31	9	)	h	4
31	10	)	l	4
31	14	)	f	4
31	15	)	m	4
32	49	(	'	4
33	2	3	t	4
33	7	3	s	4
34	28	0	k	4
36	12	4	d	4
37	33	=	3	4
38	36	E	4	4
40	11	F	c	4
40	23	F	v	4
40	36	F	4	4
42	55	W	N	4
42	60	W	R	4
43	8	S	r	4
43	41	S	5	4
44	2	z	t	4
44	23	z	v	4
44	52	z	7	4
45	57	6	/	4
46	19	−	.	4
46	60	−	R	4
46	63	−	|	4
47	5	8	i	4
48	11	+	c	4
48	25	+	-	4
48	38	+	E	4
48	63	+	|	4
49	3	'	a	4
49	13	'	u	4
49	18	'	g	4
49	25	'	-	4
49	45	'	6	4
50	5	9	i	4
51	9	B	h	4
51	30	B	T	4
52	5	7	i	4
52	11	7	c	4
52	56	7	—	4
53	48	j	+	4
54	25	C	-	4
56	55	—	N	4
57	13	/	u	4
57	18	/	g	4
57	21	/	,	4
57	38	/	E	4
58	15	P	m	4
58	53	P	j	4
59	51	L	B	4
60	29	R	x	4
61	26	“	2	4
61	45	“	6	4
63	6	|	n	4
1	33	e	3	3
2	54	t	C	3
3	43	a	S	3
3	51	a	B	3
4	39	o	A	3
4	40	o	F	3
5	48	i	+	3
6	54	n	C	3
7	18	s	g	3
8	47	r	8	3
8	50	r	9	3
8	55	r	N	3
8	58	r	P	3
8	59	r	L	3
9	27	h	I	3
9	60	h	R	3
10	30	l	T	3
10	44	l	z	3
11	30	c	T	3
11	44	c	z	3
11	63	c	|	3
12	24	d	1	3
13	34	u	0	3
13	42	u	W	3
13	62	u	”	3
14	53	f	j	3
15	42	m	W	3
15	55	m	N	3
16	30	w	T	3
17	60	p	R	3
18	36	g	4	3
19	7	.	s	3
19	12	.	d	3
19	60	.	R	3
20	23	y	v	3
20	28	y	k	3
20	46	y	−	3
21	11	,	c	3
21	14	,	f	3
21	52	,	7	3
21	58	,	P	3
22	14	b	f	3
22	28	b	k	3
22	51	b	B	3
22	55	b	N	3
23	11	v	c	3
23	33	v	3	3
24	6	1	n	3
24	14	1	f	3
24	27	1	I	3
25	53	-	j	3
26	16	2	w	3
26	43	2	S	3
26	55	2	N	3
27	47	I	8	3
28	23	k	v	3
28	63	k	|	3
29	37	x	=	3
29	63	x	|	3
30	14	T	f	3
30	54	T	C	3
31	36	)	4	3
32	21	(	,	3
33	46	3	−	3
33	48	3	+	3
34	8	0	r	3
34	62	0	”	3
35	3	q	a	3
35	55	q	N	3
36	6	4	n	3
36	14	4	f	3
36	63	4	|	3
37	2	=	t	3
37	3	=	a	3
37	26	=	2	3
37	29	=	x	3
37	30	=	T	3
37	60	=	R	3
38	63	E	|	3
39	63	A	|	3
40	25	F	-	3
42	56	W	—	3
43	40	S	F	3
43	45	S	6	3
43	57	S	/	3
43	60	S	R	3
46	7	−	s	3
46	13	−	u	3
46	48	−	+	3
47	6	8	n	3
47	40	8	F	3
48	3	+	a	3
48	7	+	s	3
48	12	+	d	3
48	50	+	9	3
49	1	'	e	3
50	11	9	c	3
51	28	B	k	3
51	62	B	”	3
53	25	j	-	3
53	26	j	2	3
53	33	j	3	3
53	36	j	4	3
53	51	j	B	3
54	51	C	B	3
54	56	C	—	3
55	2	N	t	3
56	51	—	B	3
57	27	/	I	3
57	34	/	0	3
57	63	/	|	3
58	11	P	c	3
59	33	L	3	3
60	6	R	n	3
60	23	R	v	3
60	25	R	-	3
60	41	R	5	3
61	0	“	U+0020	3
61	19	“	.	3
63	16	|	w	3
63	23	|	v	3
63	29	|	x	3
63	31	|	)	3
63	40	|	F	3
1	39	e	A	2
2	53	t	j	2
2	55	t	N	2
3	37	a	=	2
3	38	a	E	2
3	42	a	W	2
3	60	a	R	2
4	24	o	1	2
5	27	i	I	2
5	30	i	T	2
5	33	i	3	2
5	42	i	W	2
5	63	i	|	2
6	55	n	N	2
7	36	s	4	2
7	44	s	z	2
8	43	r	S	2
8	60	r	R	2
9	12	h	d	2
9	18	h	g	2
9	23	h	v	2
9	33	h	3	2
9	34	h	0	2
10	38	l	E	2
10	47	l	8	2
11	22	c	b	2
11	29	c	x	2
12	60	d	R	2
13	16	u	w	2
13	30	u	T	2
13	38	u	E	2
13	39	u	A	2
13	60	u	R	2
14	9	f	h	2
14	30	f	T	2
14	58	f	P	2
15	44	m	z	2
16	11	w	c	2
16	18	w	g	2
16	20	w	y	2
16	22	w	b	2
17	37	p	=	2
17	41	p	5	2
17	43	p	S	2
18	33	g	3	2
18	35	g	q	2
18	48	g	+	2
18	59	g	L	2
18	60	g	R	2
19	16	.	w	2
19	17	.	p	2
19	53	.	j	2
19	58	.	P	2
20	51	y	B	2
20	58	y	P	2
21	1	,	e	2
21	5	,	i	2
21	12	,	d	2
21	16	,	w	2
21	18	,	g	2
21	50	,	9	2
22	17	b	p	2
22	27	b	I	2
22	35	b	q	2
22	48	b	+	2
23	9	v	h	2
23	48	v	+	2
23	56	v	—	2
23	59	v	L	2
24	5	1	i	2
24	11	1	c	2
24	12	1	d	2
24	18	1	g	2
24	30	1	T	2
25	37	-	=	2
26	42	2	W	2
27	13	I	u	2
27	17	I	p	2
27	41	I	5	2
27	52	I	7	2
27	62	I	”	2
27	63	I	|	2
28	36	k	4	2
29	30	x	T	2
29	35	x	q	2
29	51	x	B	2
30	15	T	m	2
30	18	T	g	2
30	41	T	5	2
30	46	T	−	2
30	59	T	L	2
31	13	)	u	2
31	22	)	b	2
31	41	)	5	2
31	42	)	W	2
31	53	)	j	2
31	59	)	L	2
33	5	3	i	2
33	10	3	l	2
33	43	3	S	2
33	59	3	L	2
34	3	0	a	2
34	22	0	b	2
34	38	0	E	2
35	8	q	r	2
35	10	q	l	2
35	14	q	f	2
35	16	q	w	2
35	22	q	b	2
36	1	4	e	2
36	5	4	i	2
36	8	4	r	2
36	27	4	I	2
36	46	4	−	2
36	51	4	B	2
37	11	=	c	2
37	14	=	f	2
37	17	=	p	2
37	18	=	g	2
37	23	=	v	2
37	36	=	4	2
37	54	=	C	2
38	50	E	9	2
38	52	E	7	2
38	62	E	”	2
39	46	A	−	2
40	16	F	w	2
40	17	F	p	2
40	49	F	'	2
40	51	F	B	2
40	53	F	j	2
40	63	F	|	2
41	43	5	S	2
41	49	5	'	2
42	7	W	s	2
42	31	W	)	2
42	42	W	W	2
42	48	W	+	2
43	16	S	w	2
44	16	z	w	2
44	30	z	T	2
44	51	z	B	2
45	9	6	h	2
45	15	6	m	2
45	30	6	T	2
45	39	6	A	2
46	16	−	w	2
47	49	8	'	2
48	14	+	f	2
48	42	+	W	2
48	51	+	B	2
48	54	+	C	2
48	58	+	P	2
49	29	'	x	2
49	47	'	8	2
50	8	9	r	2
50	12	9	d	2
50	22	9	b	2
51	7	B	s	2
51	40	B	F	2
52	13	7	u	2
53	12	j	d	2
53	43	j	S	2
54	23	C	v	2
54	37	C	=	2
54	58	C	P	2
55	11	N	c	2
55	16	N	w	2
55	23	N	v	2
55	33	N	3	2
55	51	N	B	2
55	53	N	j	2
55	56	N	—	2
56	29	—	x	2
56	42	—	W	2
56	50	—	9	2
57	9	/	h	2
57	20	/	y	2
57	49	/	'	2
58	41	P	5	2
58	48	P	+	2
58	56	P	—	2
59	8	L	r	2
59	11	L	c	2
60	2	R	t	2
60	14	R	f	2
60	17	R	p	2
60	48	R	+	2
61	34	“	0	2
61	36	“	4	2
61	41	“	5	2
61	50	“	9	2
63	8	|	r	2
63	11	|	c	2
63	24	|	1	2
63	28	|	k	2
63	39	|	A	2
63	53	|	j	2
63	63	|	|	2
1	27	e	I	1
1	34	e	0	1
1	37	e	=	1
1	41	e	5	1
1	45	e	6	1
1	54	e	C	1
1	61	e	“	1
2	27	t	I	1
2	28	t	k	1
2	30	t	T	1
2	36	t	4	1
2	40	t	F	1
2	43	t	S	1
3	39	a	A	1
3	50	a	9	1
3	55	a	N	1
4	26	o	2	1
4	48	o	+	1
5	24	i	1	1
5	34	i	0	1
5	41	i	5	1
5	52	i	7	1
5	54	i	C	1
6	30	n	T	1
6	36	n	4	1
6	38	n	E	1
6	50	n	9	1
6	58	n	P	1
6	59	n	L	1
7	30	s	T	1
7	43	s	S	1
7	48	s	+	1
7	52	s	7	1
7	55	s	N	1
8	27	r	I	1
8	30	r	T	1
8	38	r	E	1
8	54	r	C	1
9	38	h	E	1
9	48	h	+	1
10	36	l	4	1
10	50	l	9	1
11	27	c	I	1
11	41	c	5	1
13	33	u	3	1
13	40	u	F	1
13	45	u	6	1
13	51	u	B	1
14	15	f	m	1
14	24	f	1	1
14	27	f	I	1
14	36	f	4	1
14	50	f	9	1
14	55	f	N	1
14	59	f	L	1
15	37	m	=	1
15	58	m	P	1
15	59	m	L	1
15	63	m	|	1
16	13	w	u	1
16	23	w	v	1
16	32	w	(	1
16	43	w	S	1
16	46	w	−	1
17	18	p	g	1
17	27	p	I	1
17	28	p	k	1
17	36	p	4	1
17	39	p	A	1
17	46	p	−	1
17	53	p	j	1
18	16	g	w	1
18	40	g	F	1
18	45	g	6	1
18	54	g	C	1
19	4	.	o	1
19	20	.	y	1
19	22	.	b	1
19	28	.	k	1
19	40	.	F	1
19	42	.	W	1
19	48	.	+	1
19	51	.	B	1
19	63	.	|	1
20	27	y	I	1
20	48	y	+	1
21	4	,	o	1
21	28	,	k	1
21	56	,	—	1
22	9	b	h	1
22	16	b	w	1
22	18	b	g	1
22	30	b	T	1
22	34	b	0	1
22	39	b	A	1
22	43	b	S	1
22	58	b	P	1
23	6	v	n	1
23	10	v	l	1
23	14	v	f	1
23	36	v	4	1
23	46	v	−	1
23	58	v	P	1
23	63	v	|	1
24	4	1	o	1
24	9	1	h	1
24	35	1	q	1
24	38	1	E	1
24	40	1	F	1
24	43	1	S	1
24	44	1	z	1
24	55	1	N	1
24	60	1	R	1
24	61	1	“	1
25	57	-	/	1
27	16	I	w	1
27	35	I	q	1
27	45	I	6	1
27	46	I	−	1
28	14	k	f	1
28	17	k	p	1
28	33	k	3	1
28	35	k	q	1
28	42	k	W	1
28	43	k	S	1
28	54	k	C	1
29	42	x	W	1
29	52	x	7	1
29	55	x	N	1
30	22	T	b	1
30	23	T	v	1
30	28	T	k	1
30	37	T	=	1
31	4	)	o	1
31	12	)	d	1
31	27	)	I	1
31	34	)	0	1
31	45	)	6	1
31	55	)	N	1
31	58	)	P	1
31	62	)	”	1
33	1	3	e	1
33	4	3	o	1
33	20	3	y	1
33	37	3	=	1
33	38	3	E	1
33	40	3	F	1
33	42	3	W	1
33	51	3	B	1
34	6	0	n	1
34	9	0	h	1
34	23	0	v	1
34	29	0	x	1
34	40	0	F	1
35	36	q	4	1
35	49	q	'	1
36	16	4	w	1
36	42	4	W	1
36	43	4	S	1
36	54	4	C	1
36	60	4	R	1
36	62	4	”	1
37	1	=	e	1
37	4	=	o	1
37	6	=	n	1
37	7	=	s	1
37	10	=	l	1
37	15	=	m	1
37	42	=	W	1
37	43	=	S	1
37	44	=	z	1
37	49	=	'	1
37	52	=	7	1
38	37	E	=	1
38	45	E	6	1
39	35	A	q	1
39	41	A	5	1
39	42	A	W	1
39	45	A	6	1
39	53	A	j	1
40	7	F	s	1
40	14	F	f	1
40	18	F	g	1
40	55	F	N	1
40	56	F	—	1
40	58	F	P	1
41	7	5	s	1
41	18	5	g	1
41	40	5	F	1
41	46	5	−	1
41	48	5	+	1
42	10	W	l	1
42	13	W	u	1
42	22	W	b	1
42	36	W	4	1
42	37	W	=	1
42	41	W	5	1
42	45	W	6	1
42	47	W	8	1
42	52	W	7	1
42	58	W	P	1
43	46	S	−	1
43	48	S	+	1
43	49	S	'	1
43	52	S	7	1
43	53	S	j	1
43	55	S	N	1
44	46	z	−	1
44	47	z	8	1
44	54	z	C	1
44	59	z	L	1
44	60	z	R	1
45	12	6	d	1
45	18	6	g	1
45	27	6	I	1
45	28	6	k	1
45	29	6	x	1
45	38	6	E	1
45	40	6	F	1
45	48	6	+	1
45	49	6	'	1
46	25	−	-	1
46	46	−	−	1
46	56	−	—	1
46	62	−	”	1
47	1	8	e	1
47	3	8	a	1
47	7	8	s	1
47	10	8	l	1
47	11	8	c	1
47	12	8	d	1
47	22	8	b	1
47	30	8	T	1
47	35	8	q	1
47	48	8	+	1
47	55	8	N	1
47	59	8	L	1
47	62	8	”	1
48	2	+	t	1
48	6	+	n	1
48	27	+	I	1
48	46	+	−	1
48	49	+	'	1
48	62	+	”	1
49	4	'	o	1
49	37	'	=	1
49	38	'	E	1
49	40	'	F	1
49	50	'	9	1
49	51	'	B	1
49	59	'	L	1
50	10	9	l	1
50	15	9	m	1
50	27	9	I	1
50	43	9	S	1
50	56	9	—	1
50	57	9	/	1
51	11	B	c	1
51	12	B	d	1
51	22	B	b	1
51	45	B	6	1
51	46	B	−	1
51	53	B	j	1
52	12	7	d	1
52	40	7	F	1
52	43	7	S	1
52	61	7	“	1
53	6	j	n	1
53	8	j	r	1
53	16	j	w	1
53	23	j	v	1
53	39	j	A	1
53	45	j	6	1
53	47	j	8	1
53	53	j	j	1
54	11	C	c	1
54	12	C	d	1
54	45	C	6	1
54	62	C	”	1
55	8	N	r	1
55	14	N	f	1
55	22	N	b	1
55	36	N	4	1
55	37	N	=	1
55	40	N	F	1
55	58	N	P	1
55	60	N	R	1
56	41	—	5	1
56	44	—	z	1
56	45	—	6	1
56	47	—	8	1
56	54	—	C	1
56	62	—	”	1
57	19	/	.	1
57	31	/	)	1
57	37	/	=	1
57	40	/	F	1
57	42	/	W	1
57	43	/	S	1
57	53	/	j	1
57	57	/	/	1
58	37	P	=	1
58	49	P	'	1
58	54	P	C	1
59	2	L	t	1
59	6	L	n	1
59	9	L	h	1
59	10	L	l	1
59	14	L	f	1
59	40	L	F	1
59	42	L	W	1
59	50	L	9	1
59	53	L	j	1
59	62	L	”	1
60	7	R	s	1
60	10	R	l	1
60	11	R	c	1
60	12	R	d	1
60	15	R	m	1
60	22	R	b	1
60	46	R	−	1
60	59	R	L	1
61	46	“	−	1
61	48	“	+	1
62	4	”	o	1
62	24	”	1	1
62	32	”	(	1
62	36	”	4	1
62	43	”	S	1
62	47	”	8	1
63	15	|	m	1
63	17	|	p	1
63	20	|	y	1
